,Rank
0,132
1,133
2,134
3,135
4,136
5,137
6,138
7,129
8,139
9,141
10,142
11,143
12,144
13,145
14,146
15,147
16,148
17,149
18,140
19,151
20,128
21,123
22,103
23,104
24,105
25,106
26,107
27,108
28,109
29,110
30,111
31,127
32,111
33,113
34,114
35,115
36,116
37,117
38,119
39,120
40,121
41,122
42,112
43,153
44,154
45,155
46,180
47,181
48,183
49,184
50,185
51,186
52,187
53,188
54,189
55,179
56,190
57,192
58,193
59,194
60,195
61,196
62,197
63,198
64,199
65,200
66,191
67,178
68,177
69,176
70,156
71,157
72,158
73,160
74,161
75,161
76,162
77,162
78,163
79,164
80,165
81,165
82,166
83,167
84,168
85,169
86,170
87,171
88,173
89,174
90,175
91,102
92,101
93,150
94,98
95,28
96,29
97,30
98,31
99,32
100,33
101,33
102,34
103,35
104,27
105,36
106,38
107,39
108,40
109,41
110,42
111,43
112,44
113,45
114,46
115,37
116,26
117,25
118,24
119,2
120,100
121,5
122,6
123,7
124,8
125,9
126,10
127,11
128,12
129,13
130,14
131,15
132,16
133,17
134,18
135,19
136,20
137,21
138,22
139,23
140,47
141,48
142,4
143,50
144,76
145,77
146,78
147,79
148,80
149,81
150,82
151,83
152,84
153,84
154,85
155,86
156,87
157,88
158,89
159,90
160,91
161,92
162,93
163,94
164,49
165,75
166,74
167,95
168,72
169,50
170,51
171,52
172,53
173,54
174,73
175,58
176,59
177,60
178,61
179,56
180,63
181,63
182,64
183,65
184,66
185,67
186,68
187,69
188,70
189,62
190,136
191,134
192,132
193,127
194,130
195,129
196,128
197,131
198,137
199,151
200,141
201,142
202,143
203,144
204,145
205,146
206,147
207,148
208,149
209,100
210,140
211,126
212,116
213,124
214,152
215,101
216,102
217,103
218,104
219,106
220,107
221,108
222,111
223,125
224,112
225,115
226,117
227,118
228,118
229,119
230,120
231,121
232,122
233,123
234,113
235,154
236,176
237,156
238,181
239,181
240,183
241,184
242,185
243,186
244,187
245,189
246,190
247,180
248,191
249,193
250,194
251,195
252,196
253,197
254,198
255,199
256,200
257,99
258,192
259,155
260,179
261,177
262,156
263,157
264,158
265,159
266,160
267,161
268,162
269,163
270,164
271,178
272,165
273,167
274,168
275,169
276,171
277,171
278,172
279,173
280,174
281,175
282,166
283,98
284,150
285,96
286,27
287,28
288,29
289,30
290,31
291,32
292,33
293,34
294,35
295,26
296,35
297,37
298,38
299,39
300,40
301,41
302,42
303,43
304,44
305,45
306,36
307,46
308,25
309,23
310,2
311,3
312,5
313,6
314,7
315,8
316,9
317,10
318,11
319,24
320,12
321,14
322,15
323,16
324,17
325,18
326,19
327,20
328,21
329,22
330,13
331,47
332,1
333,49
334,75
335,76
336,77
337,78
338,79
339,80
340,81
341,82
342,83
343,84
344,85
345,86
346,87
347,88
348,90
349,90
350,91
351,92
352,93
353,94
354,48
355,74
356,72
357,97
358,70
359,50
360,50
361,51
362,52
363,53
364,71
365,55
366,55
367,56
368,57
369,54
370,61
371,62
372,63
373,64
374,65
375,66
376,67
377,68
378,69
379,60
380,135
381,134
382,133
383,128
384,131
385,130
386,129
387,132
388,136
389,147
390,138
391,139
392,140
393,141
394,142
395,143
396,145
397,146
398,127
399,137
400,126
401,116
402,124
403,104
404,105
405,106
406,107
407,109
408,109
409,110
410,111
411,112
412,113
413,114
414,115
415,148
416,117
417,118
418,119
419,120
420,121
421,122
422,122
423,123
424,125
425,149
426,160
427,150
428,176
429,177
430,178
431,179
432,181
433,183
434,184
435,185
436,188
437,175
438,189
439,191
440,193
441,194
442,195
443,196
444,197
445,198
446,199
447,103
448,190
449,149
450,174
451,173
452,151
453,152
454,153
455,154
456,155
457,156
458,157
459,159
460,161
461,174
462,161
463,164
464,165
465,166
466,167
467,168
468,169
469,170
470,171
471,200
472,162
473,172
474,102
475,99
476,26
477,27
478,28
479,29
480,30
481,31
482,32
483,33
484,34
485,24
486,35
487,37
488,38
489,39
490,39
491,40
492,41
493,42
494,43
495,44
496,36
497,45
498,23
499,21
500,100
501,1
502,2
503,3
504,4
505,6
506,7
507,8
508,9
509,22
510,10
511,12
512,13
513,14
514,15
515,16
516,17
517,18
518,19
519,20
520,11
521,46
522,25
523,48
524,73
525,74
526,75
527,78
528,79
529,80
530,81
531,83
532,84
533,72
534,86
535,88
536,89
537,91
538,92
539,93
540,94
541,95
542,47
543,97
544,87
545,71
546,82
547,69
548,49
549,70
550,51
551,53
552,54
553,54
554,55
555,57
556,58
557,59
558,60
559,50
560,61
561,62
562,63
563,64
564,65
565,66
566,67
567,68
568,60
569,137
570,136
571,135
572,131
573,133
574,132
575,137
576,130
577,134
578,138
579,142
580,140
581,141
582,143
583,144
584,145
585,147
586,148
587,149
588,129
589,139
590,128
591,107
592,126
593,150
594,108
595,109
596,109
597,110
598,111
599,112
600,113
601,114
602,127
603,114
604,116
605,117
606,118
607,120
608,121
609,122
610,123
611,124
612,125
613,115
614,150
615,200
616,152
617,179
618,180
619,181
620,182
621,183
622,184
623,185
624,187
625,188
626,178
627,189
628,192
629,193
630,194
631,195
632,196
633,197
634,198
635,199
636,106
637,190
638,177
639,176
640,175
641,153
642,154
643,155
644,156
645,158
646,159
647,160
648,161
649,162
650,163
651,164
652,165
653,165
654,166
655,167
656,168
657,169
658,171
659,172
660,173
661,174
662,151
663,105
664,52
665,103
666,28
667,29
668,30
669,31
670,32
671,33
672,34
673,35
674,36
675,26
676,37
677,39
678,40
679,41
680,41
681,42
682,43
683,44
684,45
685,46
686,38
687,47
688,24
689,22
690,1
691,2
692,3
693,4
694,5
695,7
696,8
697,9
698,10
699,23
700,11
701,13
702,14
703,15
704,16
705,17
706,18
707,19
708,20
709,21
710,12
711,48
712,25
713,50
714,75
715,77
716,78
717,79
718,81
719,82
720,83
721,85
722,86
723,74
724,87
725,89
726,91
727,93
728,96
729,97
730,99
731,100
732,102
733,49
734,88
735,73
736,84
737,104
738,51
739,72
740,54
741,55
742,56
743,57
744,58
745,61
746,62
747,62
748,60
749,64
750,71
751,63
752,69
753,68
754,68
755,70
756,66
757,65
758,67
759,140
760,131
761,132
762,133
763,134
764,135
765,137
766,138
767,139
768,141
769,152
770,143
771,145
772,146
773,147
774,148
775,149
776,150
777,151
778,130
779,142
780,130
781,106
782,126
783,152
784,107
785,108
786,109
787,109
788,110
789,111
790,112
791,113
792,114
793,114
794,115
795,116
796,117
797,118
798,119
799,120
800,122
801,123
802,124
803,125
804,127
805,153
806,200
807,155
808,182
809,183
810,184
811,184
812,186
813,187
814,187
815,188
816,189
817,181
818,190
819,192
820,193
821,194
822,195
823,196
824,197
825,198
826,199
827,105
828,191
829,180
830,179
831,178
832,156
833,157
834,158
835,159
836,160
837,160
838,161
839,162
840,163
841,165
842,166
843,168
844,169
845,170
846,171
847,172
848,173
849,174
850,175
851,176
852,177
853,154
854,103
855,104
856,1
857,29
858,30
859,31
860,32
861,33
862,34
863,35
864,36
865,37
866,28
867,38
868,40
869,41
870,42
871,43
872,44
873,45
874,45
875,46
876,47
877,39
878,26
879,25
880,24
881,101
882,2
883,3
884,4
885,5
886,6
887,8
888,9
889,10
890,11
891,12
892,14
893,15
894,16
895,17
896,18
897,19
898,20
899,21
900,22
901,23
902,48
903,49
904,27
905,52
906,76
907,77
908,78
909,79
910,80
911,81
912,82
913,83
914,84
915,85
916,87
917,88
918,89
919,90
920,93
921,95
922,96
923,97
924,98
925,99
926,50
927,76
928,75
929,100
930,60
931,53
932,54
933,56
934,57
935,58
936,59
937,74
938,61
939,62
940,64
941,63
942,66
943,66
944,67
945,68
946,69
947,70
948,71
949,72
950,73
951,65
952,132
953,134
954,133
955,131
956,147
957,129
958,127
959,126
960,130
961,135
962,146
963,138
964,139
965,139
966,140
967,141
968,142
969,143
970,144
971,145
972,125
973,137
974,124
975,115
976,123
977,102
978,103
979,104
980,106
981,107
982,108
983,109
984,110
985,111
986,123
987,112
988,114
989,116
990,117
991,117
992,118
993,119
994,120
995,121
996,122
997,113
998,148
999,100
1000,150
1001,180
1002,181
1003,182
1004,184
1005,185
1006,187
1007,188
1008,189
1009,190
1010,179
1011,190
1012,192
1013,193
1014,194
1015,195
1016,196
1017,197
1018,198
1019,200
1020,199
1021,191
1022,178
1023,177
1024,176
1025,151
1026,152
1027,153
1028,156
1029,159
1030,161
1031,162
1032,163
1033,164
1034,165
1035,166
1036,167
1037,168
1038,169
1039,169
1040,170
1041,171
1042,172
1043,173
1044,174
1045,175
1046,149
1047,99
1048,2
1049,97
1050,29
1051,30
1052,31
1053,32
1054,33
1055,34
1056,35
1057,36
1058,37
1059,28
1060,38
1061,40
1062,41
1063,42
1064,43
1065,44
1066,45
1067,46
1068,47
1069,47
1070,39
1071,26
1072,25
1073,24
1074,98
1075,1
1076,3
1077,4
1078,5
1079,6
1080,8
1081,9
1082,10
1083,11
1084,12
1085,13
1086,14
1087,15
1088,16
1089,17
1090,19
1091,20
1092,21
1093,22
1094,23
1095,48
1096,49
1097,27
1098,51
1099,77
1100,78
1101,79
1102,80
1103,81
1104,82
1105,83
1106,84
1107,86
1108,87
1109,87
1110,88
1111,89
1112,90
1113,91
1114,92
1115,93
1116,95
1117,96
1118,50
1119,96
1120,76
1121,75
1122,85
1123,53
1124,52
1125,74
1126,54
1127,55
1128,57
1129,58
1130,60
1131,62
1132,63
1133,64
1134,61
1135,66
1136,73
1137,65
1138,71
1139,70
1140,69
1141,72
1142,67
1143,67
1144,68
1145,133
1146,126
1147,126
1148,127
1149,128
1150,129
1151,130
1152,131
1153,132
1154,134
1155,144
1156,136
1157,137
1158,138
1159,139
1160,140
1161,141
1162,142
1163,143
1164,125
1165,135
1166,124
1167,104
1168,122
1169,144
1170,104
1171,105
1172,106
1173,107
1174,108
1175,108
1176,109
1177,110
1178,111
1179,113
1180,113
1181,114
1182,115
1183,116
1184,117
1185,118
1186,119
1187,120
1188,121
1189,122
1190,123
1191,146
1192,200
1193,148
1194,177
1195,178
1196,180
1197,182
1198,183
1199,184
1200,185
1201,186
1202,187
1203,188
1204,189
1205,190
1206,191
1207,192
1208,194
1209,195
1210,196
1211,197
1212,198
1213,199
1214,103
1215,176
1216,147
1217,175
1218,173
1219,150
1220,151
1221,152
1222,153
1223,154
1224,155
1225,158
1226,159
1227,160
1228,162
1229,163
1230,163
1231,164
1232,165
1233,166
1234,167
1235,168
1236,170
1237,170
1238,171
1239,172
1240,174
1241,102
1242,42
1243,99
1244,29
1245,30
1246,31
1247,32
1248,33
1249,34
1250,35
1251,36
1252,37
1253,28
1254,38
1255,40
1256,41
1257,101
1258,43
1259,44
1260,45
1261,46
1262,46
1263,47
1264,39
1265,27
1266,26
1267,25
1268,1
1269,3
1270,4
1271,5
1272,6
1273,7
1274,8
1275,9
1276,11
1277,12
1278,13
1279,14
1280,15
1281,16
1282,17
1283,18
1284,20
1285,21
1286,22
1287,23
1288,24
1289,48
1290,49
1291,2
1292,51
1293,78
1294,79
1295,80
1296,81
1297,82
1298,83
1299,84
1300,85
1301,86
1302,77
1303,88
1304,90
1305,91
1306,92
1307,93
1308,94
1309,95
1310,96
1311,97
1312,50
1313,89
1314,76
1315,98
1316,74
1317,75
1318,52
1319,53
1320,54
1321,55
1322,57
1323,59
1324,61
1325,62
1326,63
1327,60
1328,65
1329,73
1330,64
1331,72
1332,71
1333,70
1334,72
1335,68
1336,67
1337,66
1338,69
1339,133
1340,126
1341,127
1342,128
1343,129
1344,129
1345,131
1346,132
1347,134
1348,146
1349,136
1350,137
1351,138
1352,139
1353,141
1354,142
1355,143
1356,144
1357,145
1358,135
1359,126
1360,115
1361,124
1362,102
1363,147
1364,104
1365,105
1366,106
1367,107
1368,108
1369,109
1370,110
1371,111
1372,113
1373,114
1374,114
1375,116
1376,117
1377,118
1378,119
1379,120
1380,121
1381,122
1382,123
1383,125
1384,148
1385,171
1386,150
1387,177
1388,178
1389,182
1390,183
1391,184
1392,186
1393,187
1394,188
1395,189
1396,175
1397,190
1398,191
1399,192
1400,193
1401,194
1402,195
1403,197
1404,198
1405,200
1406,101
1407,190
1408,149
1409,174
1410,172
1411,151
1412,152
1413,153
1414,154
1415,155
1416,156
1417,156
1418,157
1419,158
1420,173
1421,159
1422,161
1423,163
1424,163
1425,164
1426,165
1427,166
1428,168
1429,169
1430,170
1431,159
1432,100
1433,199
1434,99
1435,28
1436,29
1437,30
1438,31
1439,32
1440,33
1441,34
1442,35
1443,36
1444,27
1445,37
1446,39
1447,40
1448,41
1449,42
1450,43
1451,44
1452,45
1453,46
1454,47
1455,38
1456,48
1457,26
1458,24
1459,2
1460,3
1461,4
1462,5
1463,6
1464,7
1465,8
1466,9
1467,10
1468,25
1469,11
1470,14
1471,15
1472,16
1473,17
1474,18
1475,19
1476,21
1477,22
1478,23
1479,13
1480,49
1481,1
1482,51
1483,77
1484,78
1485,79
1486,80
1487,81
1488,82
1489,83
1490,84
1491,86
1492,76
1493,88
1494,90
1495,91
1496,92
1497,93
1498,95
1499,96
1500,97
1501,98
1502,50
1503,89
1504,75
1505,99
1506,73
1507,74
1508,51
1509,52
1510,53
1511,54
1512,56
1513,57
1514,60
1515,61
1516,62
1517,58
1518,64
1519,73
1520,63
1521,71
1522,70
1523,69
1524,72
1525,67
1526,66
1527,65
1528,68
1529,138
1530,131
1531,132
1532,134
1533,134
1534,135
1535,136
1536,137
1537,138
1538,148
1539,140
1540,141
1541,142
1542,143
1543,144
1544,145
1545,146
1546,147
1547,130
1548,139
1549,129
1550,116
1551,126
1552,102
1553,103
1554,105
1555,106
1556,107
1557,108
1558,109
1559,110
1560,111
1561,112
1562,113
1563,114
1564,115
1565,149
1566,119
1567,119
1568,120
1569,121
1570,122
1571,123
1572,125
1573,127
1574,150
1575,162
1576,152
1577,180
1578,181
1579,182
1580,183
1581,184
1582,185
1583,187
1584,188
1585,189
1586,179
1587,190
1588,192
1589,193
1590,194
1591,195
1592,196
1593,197
1594,198
1595,101
1596,199
1597,191
1598,178
1599,177
1600,176
1601,153
1602,154
1603,154
1604,155
1605,156
1606,157
1607,158
1608,159
1609,160
1610,163
1611,164
1612,164
1613,166
1614,167
1615,168
1616,169
1617,170
1618,171
1619,172
1620,173
1621,174
1622,151
1623,173
1624,100
1625,98
1626,26
1627,27
1628,29
1629,30
1630,31
1631,32
1632,33
1633,34
1634,35
1635,24
1636,36
1637,38
1638,39
1639,41
1640,42
1641,43
1642,44
1643,45
1644,46
1645,47
1646,37
1647,48
1648,23
1649,21
1650,99
1651,1
1652,2
1653,3
1654,4
1655,5
1656,6
1657,7
1658,8
1659,22
1660,9
1661,11
1662,12
1663,13
1664,14
1665,16
1666,17
1667,18
1668,19
1669,20
1670,10
1671,49
1672,25
1673,51
1674,80
1675,81
1676,81
1677,82
1678,83
1679,84
1680,85
1681,86
1682,87
1683,78
1684,88
1685,90
1686,91
1687,92
1688,93
1689,94
1690,95
1691,96
1692,97
1693,50
1694,89
1695,77
1696,98
1697,75
1698,76
1699,53
1700,53
1701,54
1702,55
1703,56
1704,58
1705,59
1706,60
1707,62
1708,52
1709,65
1710,66
1711,67
1712,68
1713,69
1714,71
1715,72
1716,73
1717,74
1718,64
1719,138
1720,136
1721,135
1722,130
1723,133
1724,132
1725,131
1726,150
1727,134
1728,139
1729,145
1730,141
1731,142
1732,143
1733,145
1734,146
1735,147
1736,148
1737,149
1738,129
1739,140
1740,128
1741,117
1742,127
1743,151
1744,107
1745,108
1746,109
1747,200
1748,110
1749,111
1750,112
1751,113
1752,127
1753,114
1754,116
1755,118
1756,119
1757,120
1758,122
1759,123
1760,124
1761,125
1762,126
1763,115
1764,151
1765,106
1766,154
1767,181
1768,182
1769,183
1770,184
1771,185
1772,186
1773,187
1774,188
1775,189
1776,180
1777,190
1778,192
1779,193
1780,194
1781,195
1782,196
1783,196
1784,197
1785,198
1786,199
1787,191
1788,152
1789,179
1790,175
1791,155
1792,155
1793,156
1794,157
1795,158
1796,160
1797,161
1798,162
1799,163
1800,176
1801,164
1802,166
1803,167
1804,168
1805,170
1806,171
1807,171
1808,172
1809,173
1810,174
1811,165
1812,105
1813,98
1814,103
1815,26
1816,27
1817,28
1818,29
1819,30
1820,31
1821,33
1822,34
1823,37
1824,24
1825,38
1826,40
1827,41
1828,43
1829,44
1830,45
1831,46
1832,47
1833,48
1834,49
1835,39
1836,50
1837,23
1838,21
1839,104
1840,1
1841,2
1842,3
1843,4
1844,5
1845,6
1846,7
1847,8
1848,22
1849,9
1850,11
1851,12
1852,13
1853,14
1854,15
1855,17
1856,18
1857,19
1858,20
1859,10
1860,51
1861,25
1862,53
1863,79
1864,80
1865,81
1866,82
1867,84
1868,84
1869,86
1870,89
1871,91
1872,78
1873,92
1874,94
1875,95
1876,96
1877,97
1878,99
1879,100
1880,102
1881,52
1882,102
1883,93
1884,77
1885,87
1886,75
1887,53
1888,76
1889,55
1890,56
1891,57
1892,58
1893,60
1894,61
1895,62
1896,64
1897,65
1898,54
1899,67
1900,66
1901,73
1902,72
1903,71
1904,74
1905,69
1906,68
1907,70
1908,140
1909,134
1910,135
1911,136
1912,137
1913,138
1914,132
1915,139
1916,141
1917,145
1918,143
1919,144
1920,145
1921,146
1922,147
1923,149
1924,148
1925,148
1926,131
1927,142
1928,131
1929,107
1930,129
1931,150
1932,108
1933,108
1934,109
1935,110
1936,111
1937,112
1938,113
1939,114
1940,130
1941,115
1942,117
1943,119
1944,121
1945,122
1946,123
1947,126
1948,127
1949,127
1950,128
1951,116
1952,151
1953,200
1954,153
1955,178
1956,179
1957,180
1958,181
1959,184
1960,185
1961,185
1962,186
1963,187
1964,177
1965,189
1966,191
1967,192
1968,193
1969,194
1970,195
1971,196
1972,198
1973,199
1974,106
1975,190
1976,152
1977,176
1978,174
1979,154
1980,155
1981,156
1982,157
1983,158
1984,158
1985,159
1986,160
1987,161
1988,175
1989,162
1990,165
1991,166
1992,167
1993,168
1994,169
1995,170
1996,171
1997,172
1998,173
1999,163
2000,105
2001,197
2002,103
2003,28
2004,29
2005,30
2006,32
2007,33
2008,34
2009,35
2010,36
2011,37
2012,25
2013,38
2014,41
2015,42
2016,43
2017,44
2018,45
2019,46
2020,47
2021,48
2022,49
2023,39
2024,50
2025,23
2026,21
2027,104
2028,1
2029,2
2030,3
2031,4
2032,5
2033,6
2034,7
2035,8
2036,22
2037,9
2038,11
2039,12
2040,13
2041,14
2042,15
2043,16
2044,18
2045,19
2046,20
2047,10
2048,51
2049,26
2050,52
2051,81
2052,82
2053,83
2054,84
2055,85
2056,87
2057,88
2058,89
2059,90
2060,80
2061,90
2062,92
2063,93
2064,94
2065,96
2066,97
2067,98
2068,99
2069,100
2070,51
2071,91
2072,79
2073,102
2074,77
2075,78
2076,54
2077,55
2078,56
2079,57
2080,58
2081,59
2082,61
2083,62
2084,64
2085,53
2086,68
2087,69
2088,70
2089,71
2090,72
2091,73
2092,74
2093,75
2094,76
2095,65
2096,140
2097,139
2098,139
2099,134
2100,137
2101,135
2102,151
2103,138
2104,141
2105,146
2106,143
2107,144
2108,145
2109,147
2110,148
2111,149
2112,150
2113,151
2114,133
2115,142
2116,132
2117,118
2118,128
2119,152
2120,106
2121,107
2122,108
2123,109
2124,109
2125,111
2126,112
2127,113
2128,131
2129,115
2130,117
2131,119
2132,120
2133,121
2134,123
2135,124
2136,125
2137,126
2138,127
2139,116
2140,152
2141,200
2142,154
2143,180
2144,181
2145,182
2146,183
2147,184
2148,185
2149,186
2150,188
2151,189
2152,179
2153,190
2154,192
2155,193
2156,194
2157,195
2158,196
2159,197
2160,198
2161,199
2162,105
2163,191
2164,153
2165,177
2166,176
2167,155
2168,156
2169,157
2170,159
2171,161
2172,162
2173,163
2174,164
2175,165
2176,177
2177,166
2178,168
2179,169
2180,171
2181,172
2182,172
2183,173
2184,174
2185,175
2186,175
2187,167
2188,104
2189,101
2190,102
2191,28
2192,29
2193,30
2194,31
2195,32
2196,33
2197,34
2198,35
2199,36
2200,37
2201,38
2202,40
2203,41
2204,42
2205,44
2206,45
2207,46
2208,47
2209,49
2210,27
2211,26
2212,25
2213,24
2214,103
2215,2
2216,3
2217,4
2218,5
2219,6
2220,7
2221,8
2222,9
2223,50
2224,10
2225,12
2226,13
2227,14
2228,15
2229,16
2230,17
2231,19
2232,21
2233,23
2234,11
2235,51
2236,1
2237,53
2238,81
2239,82
2240,83
2241,84
2242,85
2243,86
2244,87
2245,52
2246,89
2247,90
2248,92
2249,93
2250,94
2251,95
2252,97
2253,97
2254,98
2255,99
2256,100
2257,80
2258,79
2259,88
2260,76
2261,78
2262,55
2263,56
2264,56
2265,57
2266,58
2267,59
2268,60
2269,61
2270,62
2271,54
2272,66
2273,67
2274,68
2275,69
2276,70
2277,72
2278,73
2279,74
2280,75
2281,64
2282,137
2283,136
2284,135
2285,131
2286,133
2287,132
2288,138
2289,134
2290,139
2291,147
2292,142
2293,143
2294,144
2295,148
2296,149
2297,150
2298,151
2299,152
2300,140
2301,129
2302,108
2303,126
2304,154
2305,109
2306,110
2307,111
2308,112
2309,112
2310,113
2311,114
2312,114
2313,127
2314,115
2315,117
2316,118
2317,119
2318,120
2319,121
2320,122
2321,123
2322,124
2323,125
2324,116
2325,155
2326,178
2327,157
2328,184
2329,185
2330,186
2331,187
2332,188
2333,189
2334,190
2335,191
2336,192
2337,193
2338,194
2339,194
2340,195
2341,196
2342,197
2343,198
2344,199
2345,200
2346,107
2347,183
2348,156
2349,183
2350,179
2351,157
2352,158
2353,159
2354,160
2355,161
2356,162
2357,162
2358,163
2359,164
2360,165
2361,166
2362,169
2363,169
2364,170
2365,171
2366,173
2367,175
2368,176
2369,177
2370,182
2371,106
2372,180
2373,103
2374,27
2375,28
2376,29
2377,30
2378,31
2379,33
2380,35
2381,36
2382,37
2383,38
2384,39
2385,40
2386,41
2387,42
2388,43
2389,44
2390,45
2391,47
2392,50
2393,25
2394,51
2395,104
2396,22
2397,1
2398,2
2399,3
2400,4
2401,5
2402,6
2403,7
2404,10
2405,11
2406,12
2407,13
2408,14
2409,15
2410,16
2411,17
2412,18
2413,19
2414,20
2415,21
2416,24
2417,52
2418,26
2419,54
2420,81
2421,82
2422,83
2423,84
2424,85
2425,86
2426,88
2427,89
2428,90
2429,91
2430,93
2431,94
2432,95
2433,96
2434,97
2435,99
2436,100
2437,101
2438,53
2439,80
2440,79
2441,102
2442,76
2443,78
2444,56
2445,57
2446,58
2447,59
2448,60
2449,61
2450,62
2451,62
2452,63
2453,55
2454,65
2455,66
2456,68
2457,70
2458,71
2459,72
2460,73
2461,74
2462,64
2463,138
2464,137
2465,136
2466,132
2467,134
2468,133
2469,152
2470,135
2471,139
2472,145
2473,143
2474,144
2475,145
2476,146
2477,147
2478,149
2479,150
2480,151
2481,131
2482,141
2483,130
2484,119
2485,128
2486,153
2487,108
2488,109
2489,110
2490,111
2491,112
2492,112
2493,113
2494,115
2495,116
2496,117
2497,118
2498,120
2499,122
2500,123
2501,124
2502,125
2503,126
2504,127
2505,129
2506,154
2507,199
2508,156
2509,181
2510,182
2511,183
2512,184
2513,186
2514,187
2515,188
2516,189
2517,190
2518,190
2519,191
2520,192
2521,193
2522,194
2523,195
2524,196
2525,197
2526,198
2527,105
2528,180
2529,178
2530,177
2531,175
2532,157
2533,158
2534,158
2535,159
2536,159
2537,160
2538,161
2539,162
2540,163
2541,155
2542,164
2543,166
2544,166
2545,167
2546,168
2547,169
2548,170
2549,171
2550,172
2551,173
2552,165
2553,104
2554,106
2555,103
2556,28
2557,29
2558,30
2559,31
2560,32
2561,33
2562,34
2563,35
2564,36
2565,37
2566,38
2567,40
2568,41
2569,42
2570,43
2571,44
2572,45
2573,46
2574,47
2575,26
2576,24
2577,23
2578,22
2579,103
2580,1
2581,2
2582,3
2583,4
2584,5
2585,6
2586,7
2587,8
2588,50
2589,9
2590,11
2591,12
2592,14
2593,15
2594,16
2595,17
2596,18
2597,19
2598,20
2599,10
2600,52
2601,25
2602,54
2603,81
2604,82
2605,83
2606,84
2607,85
2608,86
2609,87
2610,90
2611,91
2612,92
2613,93
2614,94
2615,95
2616,96
2617,97
2618,98
2619,99
2620,100
2621,53
2622,80
2623,78
2624,89
2625,55
2626,76
2627,56
2628,57
2629,59
2630,60
2631,61
2632,63
2633,63
2634,64
2635,65
2636,62
2637,75
2638,67
2639,69
2640,70
2641,71
2642,72
2643,73
2644,74
2645,66
2646,137
2647,136
2648,135
2649,134
2650,131
2651,132
2652,131
2653,138
2654,133
2655,139
2656,149
2657,140
2658,141
2659,142
2660,143
2661,145
2662,146
2663,147
2664,148
2665,130
2666,139
2667,129
2668,106
2669,127
2670,150
2671,105
2672,106
2673,107
2674,108
2675,109
2676,110
2677,111
2678,112
2679,128
2680,114
2681,117
2682,118
2683,119
2684,120
2685,121
2686,122
2687,124
2688,125
2689,126
2690,116
2691,151
2692,198
2693,152
2694,179
2695,180
2696,180
2697,181
2698,182
2699,183
2700,185
2701,186
2702,187
2703,178
2704,188
2705,190
2706,191
2707,192
2708,194
2709,195
2710,196
2711,197
2712,200
2713,104
2714,189
2715,151
2716,177
2717,176
2718,153
2719,154
2720,155
2721,156
2722,157
2723,158
2724,159
2725,159
2726,160
2727,177
2728,161
2729,164
2730,166
2731,167
2732,168
2733,169
2734,170
2735,171
2736,172
2737,173
2738,162
2739,103
2740,113
2741,101
2742,26
2743,27
2744,28
2745,29
2746,30
2747,31
2748,32
2749,33
2750,34
2751,24
2752,35
2753,38
2754,39
2755,40
2756,41
2757,42
2758,43
2759,44
2760,45
2761,46
2762,37
2763,47
2764,23
2765,21
2766,1
2767,2
2768,3
2769,4
2770,5
2771,6
2772,7
2773,8
2774,9
2775,22
2776,10
2777,12
2778,13
2779,14
2780,15
2781,16
2782,17
2783,18
2784,19
2785,20
2786,11
2787,48
2788,25
2789,51
2790,77
2791,78
2792,79
2793,80
2794,81
2795,83
2796,85
2797,86
2798,87
2799,90
2800,102
2801,91
2802,92
2803,93
2804,94
2805,94
2806,95
2807,96
2808,97
2809,99
2810,50
2811,76
2812,75
2813,100
2814,58
2815,52
2816,53
2817,54
2818,54
2819,55
2820,56
2821,74
2822,59
2823,60
2824,63
2825,61
2826,65
2827,66
2828,67
2829,68
2830,69
2831,70
2832,71
2833,72
2834,73
2835,64
2836,136
2837,138
2838,137
2839,134
2840,149
2841,132
2842,131
2843,130
2844,133
2845,139
2846,147
2847,140
2848,141
2849,142
2850,143
2851,143
2852,144
2853,145
2854,146
2855,147
2856,129
2857,139
2858,128
2859,116
2860,125
2861,104
2862,105
2863,106
2864,107
2865,108
2866,109
2867,110
2868,111
2869,112
2870,127
2871,113
2872,115
2873,117
2874,118
2875,120
2876,121
2877,122
2878,123
2879,123
2880,124
2881,114
2882,150
2883,199
2884,152
2885,179
2886,180
2887,181
2888,182
2889,182
2890,183
2891,184
2892,185
2893,187
2894,188
2895,189
2896,190
2897,191
2898,193
2899,194
2900,195
2901,196
2902,197
2903,198
2904,102
2905,200
2906,178
2907,151
2908,177
2909,175
2910,154
2911,155
2912,156
2913,157
2914,158
2915,160
2916,161
2917,162
2918,163
2919,164
2920,165
2921,166
2922,167
2923,168
2924,169
2925,170
2926,171
2927,172
2928,172
2929,173
2930,174
2931,176
2932,102
2933,103
2934,100
2935,26
2936,27
2937,28
2938,29
2939,30
2940,31
2941,32
2942,33
2943,34
2944,35
2945,36
2946,37
2947,39
2948,40
2949,41
2950,42
2951,43
2952,44
2953,45
2954,46
2955,47
2956,25
2957,48
2958,23
2959,21
2960,101
2961,1
2962,2
2963,3
2964,4
2965,5
2966,6
2967,7
2968,8
2969,9
2970,10
2971,11
2972,12
2973,13
2974,14
2975,15
2976,16
2977,17
2978,18
2979,19
2980,20
2981,22
2982,49
2983,24
2984,51
2985,78
2986,79
2987,80
2988,81
2989,83
2990,84
2991,85
2992,86
2993,88
2994,89
2995,90
2996,91
2997,92
2998,92
2999,93
3000,94
3001,95
3002,96
3003,97
3004,98
3005,50
3006,77
3007,76
3008,99
3009,53
3010,54
3011,55
3012,56
3013,56
3014,57
3015,75
3016,59
3017,60
3018,61
3019,62
3020,58
3021,63
3022,65
3023,66
3024,68
3025,69
3026,70
3027,71
3028,72
3029,73
3030,74
3031,62
3032,138
3033,138
3034,137
3035,136
3036,129
3037,134
3038,133
3039,131
3040,135
3041,139
3042,150
3043,141
3044,142
3045,143
3046,144
3047,144
3048,145
3049,146
3050,147
3051,148
3052,128
3053,149
3054,140
3055,127
3056,117
3057,126
3058,106
3059,107
3060,108
3061,109
3062,110
3063,110
3064,111
3065,112
3066,113
3067,114
3068,115
3069,116
3070,117
3071,118
3072,119
3073,120
3074,121
3075,122
3076,123
3077,124
3078,125
3079,126
3080,151
3081,200
3082,153
3083,179
3084,180
3085,181
3086,182
3087,183
3088,184
3089,184
3090,185
3091,186
3092,188
3093,189
3094,190
3095,191
3096,192
3097,193
3098,195
3099,196
3100,197
3101,198
3102,199
3103,105
3104,178
3105,177
3106,176
3107,176
3108,154
3109,155
3110,156
3111,157
3112,158
3113,159
3114,160
3115,162
3116,163
3117,164
3118,152
3119,165
3120,167
3121,168
3122,169
3123,170
3124,171
3125,172
3126,173
3127,173
3128,174
3129,175
3130,166
3131,104
3132,17
3133,102
3134,28
3135,29
3136,30
3137,31
3138,32
3139,33
3140,34
3141,35
3142,36
3143,37
3144,38
3145,39
3146,40
3147,41
3148,42
3149,43
3150,44
3151,46
3152,47
3153,48
3154,48
3155,27
3156,26
3157,25
3158,24
3159,103
3160,1
3161,3
3162,4
3163,5
3164,6
3165,7
3166,8
3167,9
3168,10
3169,49
3170,11
3171,13
3172,14
3173,15
3174,16
3175,18
3176,19
3177,20
3178,21
3179,22
3180,23
3181,12
3182,50
3183,2
3184,52
3185,81
3186,82
3187,83
3188,84
3189,85
3190,87
3191,89
3192,90
3193,91
3194,91
3195,92
3196,93
3197,94
3198,94
3199,95
3200,96
3201,97
3202,98
3203,99
3204,101
3205,51
3206,80
3207,79
3208,100
3209,77
3210,54
3211,53
3212,55
3213,57
3214,57
3215,58
3216,59
3217,78
3218,61
3219,62
3220,64
3221,60
3222,66
3223,76
3224,65
3225,74
3226,73
3227,72
3228,75
3229,69
3230,68
3231,67
3232,71
3233,128
3234,129
3235,130
3236,130
3237,131
3238,132
3239,132
3240,133
3241,134
3242,147
3243,136
3244,137
3245,138
3246,139
3247,142
3248,144
3249,145
3250,146
3251,147
3252,148
3253,135
3254,126
3255,115
3256,124
3257,103
3258,104
3259,149
3260,105
3261,106
3262,107
3263,108
3264,109
3265,110
3266,111
3267,125
3268,112
3269,114
3270,116
3271,117
3272,118
3273,118
3274,119
3275,120
3276,121
3277,122
3278,123
3279,113
3280,150
3281,176
3282,151
3283,180
3284,182
3285,183
3286,184
3287,185
3288,186
3289,187
3290,188
3291,188
3292,189
3293,190
3294,191
3295,192
3296,193
3297,194
3298,194
3299,196
3300,197
3301,198
3302,102
3303,200
3304,179
3305,151
3306,178
3307,177
3308,152
3309,153
3310,154
3311,156
3312,157
3313,158
3314,159
3315,160
3316,161
3317,162
3318,163
3319,164
3320,165
3321,166
3322,167
3323,168
3324,170
3325,171
3326,172
3327,173
3328,174
3329,178
3330,101
3331,199
3332,99
3333,26
3334,27
3335,28
3336,29
3337,30
3338,31
3339,32
3340,33
3341,34
3342,35
3343,36
3344,37
3345,38
3346,39
3347,40
3348,41
3349,42
3350,43
3351,44
3352,45
3353,45
3354,25
3355,46
3356,24
3357,22
3358,1
3359,2
3360,3
3361,4
3362,5
3363,6
3364,7
3365,8
3366,9
3367,10
3368,11
3369,12
3370,13
3371,14
3372,15
3373,16
3374,17
3375,18
3376,19
3377,20
3378,21
3379,23
3380,47
3381,100
3382,49
3383,76
3384,77
3385,79
3386,80
3387,81
3388,82
3389,83
3390,84
3391,48
3392,86
3393,87
3394,88
3395,89
3396,92
3397,93
3398,93
3399,94
3400,95
3401,96
3402,97
3403,98
3404,75
3405,74
3406,85
3407,72
3408,73
3409,50
3410,51
3411,52
3412,54
3413,55
3414,57
3415,57
3416,58
3417,59
3418,56
3419,62
3420,60
3421,70
3422,69
3423,67
3424,66
3425,71
3426,64
3427,63
3428,62
3429,65
3430,135
3431,127
3432,128
3433,129
3434,130
3435,131
3436,132
3437,134
3438,134
3439,136
3440,146
3441,139
3442,140
3443,141
3444,141
3445,142
3446,142
3447,143
3448,144
3449,145
3450,138
3451,126
3452,102
3453,124
3454,147
3455,104
3456,105
3457,106
3458,107
3459,108
3460,109
3461,110
3462,111
3463,112
3464,125
3465,113
3466,115
3467,116
3468,117
3469,118
3470,119
3471,120
3472,121
3473,122
3474,123
3475,124
3476,114
3477,148
3478,175
3479,150
3480,181
3481,182
3482,182
3483,183
3484,184
3485,185
3486,186
3487,187
3488,188
3489,190
3490,191
3491,192
3492,193
3493,194
3494,194
3495,195
3496,196
3497,198
3498,198
3499,199
3500,101
3501,180
3502,149
3503,178
3504,176
3505,152
3506,152
3507,153
3508,154
3509,155
3510,156
3511,157
3512,158
3513,159
3514,160
3515,161
3516,162
3517,164
3518,165
3519,166
3520,167
3521,169
3522,170
3523,171
3524,172
3525,173
3526,177
3527,200
3528,100
3529,98
3530,26
3531,27
3532,28
3533,29
3534,30
3535,31
3536,32
3537,33
3538,34
3539,25
3540,35
3541,37
3542,38
3543,39
3544,40
3545,41
3546,42
3547,43
3548,44
3549,45
3550,36
3551,23
3552,22
3553,21
3554,99
3555,1
3556,2
3557,3
3558,4
3559,5
3560,6
3561,7
3562,8
3563,9
3564,10
3565,11
3566,12
3567,13
3568,14
3569,15
3570,16
3571,17
3572,18
3573,19
3574,20
3575,46
3576,47
3577,24
3578,49
3579,75
3580,76
3581,77
3582,78
3583,79
3584,80
3585,81
3586,82
3587,85
3588,86
3589,87
3590,88
3591,89
3592,90
3593,91
3594,93
3595,95
3596,96
3597,97
3598,48
3599,97
3600,74
3601,73
3602,83
3603,51
3604,50
3605,71
3606,52
3607,53
3608,54
3609,54
3610,55
3611,57
3612,58
3613,60
3614,61
3615,56
3616,69
3617,62
3618,63
3619,63
3620,64
3621,65
3622,67
3623,68
3624,61
3625,70
3626,136
3627,135
3628,134
3629,133
3630,130
3631,132
3632,131
3633,137
3634,132
3635,138
3636,150
3637,141
3638,143
3639,144
3640,144
3641,145
3642,146
3643,147
3644,148
3645,149
3646,130
3647,139
3648,129
3649,105
3650,127
3651,151
3652,106
3653,107
3654,108
3655,109
3656,110
3657,111
3658,113
3659,114
3660,115
3661,116
3662,117
3663,118
3664,119
3665,120
3666,121
3667,121
3668,122
3669,123
3670,124
3671,126
3672,128
3673,151
3674,199
3675,153
3676,182
3677,183
3678,184
3679,185
3680,186
3681,187
3682,188
3683,189
3684,189
3685,190
3686,191
3687,192
3688,193
3689,194
3690,195
3691,196
3692,197
3693,200
3694,198
3695,199
3696,104
3697,181
3698,152
3699,180
3700,178
3701,154
3702,155
3703,156
3704,157
3705,158
3706,159
3707,161
3708,162
3709,163
3710,164
3711,165
3712,166
3713,167
3714,169
3715,170
3716,171
3717,172
3718,175
3719,176
3720,177
3721,177
3722,179
3723,103
3724,4
3725,101
3726,27
3727,28
3728,29
3729,30
3730,31
3731,32
3732,33
3733,34
3734,35
3735,36
3736,37
3737,38
3738,39
3739,40
3740,41
3741,42
3742,43
3743,44
3744,45
3745,46
3746,47
3747,26
3748,48
3749,25
3750,23
3751,1
3752,2
3753,3
3754,5
3755,6
3756,7
3757,8
3758,9
3759,10
3760,11
3761,12
3762,13
3763,14
3764,15
3765,16
3766,17
3767,18
3768,19
3769,20
3770,21
3771,22
3772,24
3773,49
3774,102
3775,51
3776,76
3777,77
3778,79
3779,80
3780,81
3781,82
3782,83
3783,84
3784,87
3785,88
3786,89
3787,91
3788,92
3789,93
3790,94
3791,95
3792,95
3793,97
3794,98
3795,100
3796,50
3797,75
3798,74
3799,86
3800,72
3801,73
3802,53
3803,54
3804,55
3805,55
3806,56
3807,57
3808,58
3809,59
3810,60
3811,57
3812,62
3813,71
3814,61
3815,69
3816,68
3817,67
3818,70
3819,63
3820,62
3821,52
3822,65
3823,136
3824,130
3825,131
3826,132
3827,133
3828,133
3829,134
3830,135
3831,136
3832,146
3833,138
3834,139
3835,140
3836,141
3837,142
3838,143
3839,143
3840,144
3841,145
3842,129
3843,137
3844,128
3845,104
3846,126
3847,147
3848,107
3849,108
3850,109
3851,110
3852,111
3853,112
3854,113
3855,114
3856,115
3857,116
3858,117
3859,118
3860,119
3861,120
3862,121
3863,122
3864,122
3865,123
3866,124
3867,125
3868,127
3869,148
3870,175
3871,150
3872,180
3873,182
3874,183
3875,184
3876,185
3877,186
3878,187
3879,188
3880,189
3881,190
3882,191
3883,192
3884,192
3885,193
3886,194
3887,195
3888,196
3889,197
3890,198
3891,199
3892,103
3893,179
3894,149
3895,178
3896,176
3897,151
3898,152
3899,153
3900,154
3901,155
3902,156
3903,157
3904,158
3905,158
3906,159
3907,160
3908,162
3909,163
3910,164
3911,165
3912,166
3913,168
3914,169
3915,170
3916,171
3917,173
3918,177
3919,102
3920,200
3921,100
3922,26
3923,27
3924,28
3925,29
3926,30
3927,31
3928,32
3929,33
3930,34
3931,35
3932,36
3933,37
3934,38
3935,39
3936,40
3937,41
3938,42
3939,43
3940,44
3941,45
3942,46
3943,25
3944,47
3945,24
3946,22
3947,1
3948,2
3949,3
3950,4
3951,5
3952,6
3953,7
3954,8
3955,9
3956,10
3957,11
3958,12
3959,13
3960,14
3961,15
3962,16
3963,17
3964,18
3965,19
3966,20
3967,21
3968,23
3969,48
3970,101
3971,49
3972,75
3973,76
3974,77
3975,78
3976,79
3977,80
3978,81
3979,83
3980,85
3981,86
3982,87
3983,88
3984,91
3985,92
3986,93
3987,94
3988,95
3989,97
3990,97
3991,98
3992,49
3993,74
3994,73
3995,84
3996,70
3997,71
3998,51
3999,52
4000,53
4001,54
4002,55
4003,56
4004,58
4005,59
4006,60
4007,57
4008,61
4009,69
4010,61
4011,67
4012,67
4013,66
4014,68
4015,63
4016,62
4017,50
4018,65
4019,137
4020,130
4021,131
4022,132
4023,133
4024,134
4025,135
4026,136
4027,137
4028,148
4029,138
4030,139
4031,141
4032,142
4033,143
4034,144
4035,145
4036,146
4037,147
4038,129
4039,138
4040,128
4041,101
4042,126
4043,148
4044,102
4045,104
4046,105
4047,106
4048,106
4049,109
4050,111
4051,112
4052,113
4053,114
4054,115
4055,116
4056,117
4057,119
4058,120
4059,121
4060,122
4061,123
4062,124
4063,125
4064,127
4065,149
4066,173
4067,151
4068,179
4069,180
4070,181
4071,182
4072,183
4073,184
4074,186
4075,187
4076,188
4077,189
4078,190
4079,191
4080,192
4081,193
4082,194
4083,195
4084,196
4085,197
4086,198
4087,199
4088,100
4089,178
4090,150
4091,177
4092,175
4093,152
4094,153
4095,154
4096,154
4097,155
4098,156
4099,157
4100,157
4101,158
4102,159
4103,160
4104,162
4105,164
4106,165
4107,166
4108,167
4109,168
4110,169
4111,170
4112,171
4113,172
4114,176
4115,200
4116,99
4117,96
4118,26
4119,27
4120,28
4121,29
4122,30
4123,31
4124,32
4125,33
4126,34
4127,25
4128,35
4129,37
4130,38
4131,39
4132,40
4133,41
4134,42
4135,43
4136,44
4137,45
4138,36
4139,23
4140,22
4141,21
4142,97
4143,1
4144,2
4145,3
4146,4
4147,5
4148,6
4149,7
4150,8
4151,9
4152,10
4153,11
4154,12
4155,13
4156,14
4157,15
4158,16
4159,17
4160,18
4161,19
4162,20
4163,46
4164,47
4165,24
4166,49
4167,74
4168,75
4169,76
4170,76
4171,77
4172,78
4173,79
4174,80
4175,83
4176,84
4177,85
4178,86
4179,87
4180,88
4181,90
4182,91
4183,92
4184,93
4185,94
4186,48
4187,95
4188,73
4189,72
4190,82
4191,50
4192,50
4193,71
4194,51
4195,52
4196,53
4197,54
4198,55
4199,57
4200,58
4201,59
4202,60
4203,56
4204,69
4205,62
4206,63
4207,64
4208,65
4209,67
4210,67
4211,68
4212,61
4213,70
4214,138
4215,137
4216,136
4217,135
4218,131
4219,133
4220,132
4221,139
4222,134
4223,140
4224,149
4225,141
4226,142
4227,143
4228,144
4229,145
4230,145
4231,146
4232,147
4233,148
4234,130
4235,141
4236,129
4237,100
4238,126
4239,150
4240,102
4241,103
4242,104
4243,200
4244,105
4245,108
4246,109
4247,110
4248,111
4249,113
4250,113
4251,114
4252,115
4253,117
4254,118
4255,119
4256,120
4257,121
4258,122
4259,125
4260,128
4261,151
4262,199
4263,153
4264,179
4265,180
4266,181
4267,182
4268,183
4269,184
4270,185
4271,186
4272,187
4273,188
4274,189
4275,190
4276,191
4277,192
4278,193
4279,195
4280,196
4281,196
4282,197
4283,198
4284,99
4285,178
4286,152
4287,177
4288,175
4289,154
4290,155
4291,156
4292,156
4293,157
4294,158
4295,159
4296,162
4297,163
4298,164
4299,165
4300,165
4301,166
4302,167
4303,169
4304,170
4305,171
4306,171
4307,172
4308,173
4309,174
4310,176
4311,98
4312,92
4313,96
4314,26
4315,27
4316,28
4317,29
4318,30
4319,31
4320,32
4321,33
4322,34
4323,24
4324,35
4325,37
4326,38
4327,39
4328,40
4329,41
4330,42
4331,43
4332,44
4333,45
4334,36
4335,23
4336,22
4337,21
4338,97
4339,1
4340,2
4341,3
4342,4
4343,5
4344,6
4345,7
4346,8
4347,9
4348,10
4349,11
4350,12
4351,13
4352,14
4353,15
4354,16
4355,17
4356,18
4357,19
4358,20
4359,46
4360,47
4361,25
4362,49
4363,74
4364,76
4365,77
4366,77
4367,78
4368,79
4369,80
4370,82
4371,83
4372,84
4373,85
4374,86
4375,87
4376,89
4377,90
4378,91
4379,93
4380,94
4381,95
4382,48
4383,95
4384,73
4385,72
4386,81
4387,70
4388,50
4389,71
4390,52
4391,53
4392,54
4393,55
4394,56
4395,57
4396,58
4397,59
4398,60
4399,51
4400,62
4401,61
4402,68
4403,67
4404,66
4405,69
4406,64
4407,63
4408,62
4409,65
4410,130
4411,138
4412,131
4413,132
4414,133
4415,134
4416,135
4417,136
4418,137
4419,139
4420,143
4421,140
4422,141
4423,142
4424,144
4425,145
4426,148
4427,146
4428,147
4429,129
4430,139
4431,128
4432,102
4433,126
4434,148
4435,103
4436,104
4437,105
4438,106
4439,107
4440,108
4441,108
4442,109
4443,110
4444,111
4445,112
4446,114
4447,116
4448,117
4449,118
4450,119
4451,120
4452,122
4453,123
4454,124
4455,127
4456,149
4457,200
4458,151
4459,178
4460,179
4461,181
4462,182
4463,183
4464,184
4465,185
4466,186
4467,187
4468,177
4469,188
4470,191
4471,192
4472,193
4473,194
4474,195
4475,196
4476,198
4477,199
4478,99
4479,189
4480,176
4481,175
4482,174
4483,152
4484,153
4485,157
4486,158
4487,159
4488,160
4489,161
4490,162
4491,163
4492,164
4493,164
4494,166
4495,167
4496,167
4497,168
4498,169
4499,170
4500,171
4501,171
4502,172
4503,173
4504,150
4505,99
4506,197
4507,96
4508,26
4509,27
4510,28
4511,29
4512,30
4513,31
4514,32
4515,33
4516,34
4517,24
4518,35
4519,37
4520,38
4521,39
4522,40
4523,41
4524,42
4525,43
4526,44
4527,45
4528,36
4529,23
4530,22
4531,21
4532,97
4533,1
4534,2
4535,3
4536,4
4537,5
4538,6
4539,7
4540,8
4541,9
4542,10
4543,11
4544,12
4545,13
4546,14
4547,15
4548,16
4549,17
4550,18
4551,19
4552,20
4553,46
4554,47
4555,25
4556,49
4557,74
4558,75
4559,75
4560,76
4561,77
4562,78
4563,79
4564,80
4565,81
4566,82
4567,83
4568,84
4569,86
4570,87
4571,89
4572,90
4573,91
4574,92
4575,93
4576,94
4577,48
4578,73
4579,72
4580,95
4581,70
4582,71
4583,51
4584,52
4585,53
4586,54
4587,55
4588,56
4589,57
4590,58
4591,59
4592,50
4593,60
4594,61
4595,62
4596,64
4597,65
4598,66
4599,67
4600,68
4601,69
4602,59
4603,134
4604,132
4605,131
4606,126
4607,129
4608,128
4609,127
4610,145
4611,130
4612,135
4613,139
4614,137
4615,138
4616,138
4617,140
4618,141
4619,142
4620,143
4621,144
4622,125
4623,136
4624,124
4625,111
4626,122
4627,148
4628,100
4629,101
4630,102
4631,103
4632,104
4633,105
4634,106
4635,107
4636,123
4637,108
4638,110
4639,111
4640,112
4641,113
4642,114
4643,115
4644,116
4645,117
4646,120
4647,108
4648,149
4649,200
4650,151
4651,180
4652,181
4653,182
4654,183
4655,184
4656,186
4657,186
4658,187
4659,188
4660,179
4661,189
4662,190
4663,191
4664,192
4665,193
4666,195
4667,196
4668,196
4669,198
4670,199
4671,189
4672,179
4673,178
4674,177
4675,152
4676,152
4677,155
4678,157
4679,158
4680,159
4681,160
4682,161
4683,162
4684,164
4685,165
4686,166
4687,167
4688,168
4689,170
4690,171
4691,172
4692,173
4693,174
4694,175
4695,176
4696,150
4697,98
4698,96
4699,95
4700,25
4701,26
4702,27
4703,28
4704,29
4705,30
4706,31
4707,32
4708,33
4709,23
4710,34
4711,36
4712,37
4713,38
4714,39
4715,40
4716,41
4717,42
4718,43
4719,44
4720,35
4721,45
4722,22
4723,20
4724,97
4725,1
4726,2
4727,3
4728,4
4729,5
4730,6
4731,7
4732,8
4733,21
4734,9
4735,11
4736,12
4737,13
4738,14
4739,15
4740,16
4741,17
4742,18
4743,19
4744,10
4745,46
4746,24
4747,48
4748,73
4749,74
4750,75
4751,76
4752,77
4753,78
4754,79
4755,79
4756,80
4757,72
4758,81
4759,84
4760,85
4761,86
4762,87
4763,88
4764,89
4765,92
4766,93
4767,47
4768,82
4769,71
4770,94
4771,69
4772,70
4773,50
4774,51
4775,52
4776,53
4777,54
4778,55
4779,56
4780,57
4781,58
4782,49
4783,61
4784,62
4785,63
4786,64
4787,65
4788,66
4789,67
4790,68
4791,68
4792,60
4793,137
4794,136
4795,135
4796,125
4797,132
4798,128
4799,127
4800,149
4801,134
4802,139
4803,142
4804,140
4805,141
4806,141
4807,144
4808,145
4809,146
4810,147
4811,148
4812,124
4813,140
4814,123
4815,112
4816,121
4817,150
4818,101
4819,102
4820,103
4821,104
4822,105
4823,106
4824,107
4825,108
4826,122
4827,109
4828,111
4829,113
4830,114
4831,115
4832,117
4833,118
4834,119
4835,119
4836,120
4837,110
4838,151
4839,99
4840,153
4841,181
4842,182
4843,183
4844,184
4845,185
4846,186
4847,187
4848,190
4849,191
4850,180
4851,192
4852,193
4853,194
4854,195
4855,196
4856,197
4857,197
4858,198
4859,199
4860,200
4861,192
4862,152
4863,179
4864,177
4865,155
4866,156
4867,157
4868,158
4869,160
4870,161
4871,162
4872,162
4873,163
4874,178
4875,164
4876,166
4877,167
4878,169
4879,170
4880,171
4881,172
4882,173
4883,175
4884,176
4885,165
4886,98
4887,133
4888,94
4889,26
4890,27
4891,28
4892,29
4893,30
4894,31
4895,32
4896,33
4897,34
4898,25
4899,35
4900,37
4901,38
4902,39
4903,40
4904,41
4905,42
4906,43
4907,44
4908,45
4909,36
4910,46
4911,24
4912,22
4913,2
4914,3
4915,4
4916,5
4917,6
4918,7
4919,8
4920,9
4921,10
4922,23
4923,11
4924,13
4925,14
4926,15
4927,16
4928,17
4929,18
4930,19
4931,20
4932,21
4933,12
4934,47
4935,1
4936,49
4937,74
4938,75
4939,76
4940,77
4941,79
4942,80
4943,81
4944,48
4945,83
4946,73
4947,84
4948,86
4949,87
4950,87
4951,88
4952,89
4953,90
4954,91
4955,92
4956,93
4957,85
4958,72
4959,82
4960,70
4961,71
4962,51
4963,52
4964,53
4965,54
4966,55
4967,57
4968,58
4969,59
4970,60
4971,50
4972,62
4973,61
4974,69
4975,68
4976,67
4977,70
4978,95
4979,65
4980,64
4981,63
4982,66
4983,133
4984,125
4985,126
4986,127
4987,129
4988,130
4989,131
4990,132
4991,137
4992,143
4993,138
4994,139
4995,141
4996,142
4997,144
4998,146
4999,147
5000,149
5001,150
5002,137
5003,124
5004,99
5005,122
5006,151
5007,101
5008,102
5009,103
5010,104
5011,105
5012,106
5013,107
5014,110
5015,111
5016,112
5017,113
5018,114
5019,115
5020,116
5021,117
5022,118
5023,119
5024,120
5025,121
5026,121
5027,123
5028,152
5029,175
5030,154
5031,181
5032,182
5033,183
5034,184
5035,185
5036,186
5037,188
5038,189
5039,191
5040,179
5041,192
5042,194
5043,195
5044,196
5045,197
5046,198
5047,198
5048,199
5049,200
5050,97
5051,193
5052,153
5053,178
5054,176
5055,154
5056,155
5057,156
5058,157
5059,158
5060,160
5061,161
5062,162
5063,163
5064,177
5065,164
5066,165
5067,166
5068,167
5069,169
5070,170
5071,171
5072,172
5073,173
5074,174
5075,165
5076,96
5077,94
5078,93
5079,26
5080,27
5081,28
5082,29
5083,30
5084,31
5085,32
5086,33
5087,34
5088,35
5089,36
5090,37
5091,38
5092,39
5093,40
5094,41
5095,42
5096,43
5097,44
5098,25
5099,23
5100,22
5101,21
5102,1
5103,2
5104,3
5105,4
5106,5
5107,6
5108,7
5109,8
5110,9
5111,45
5112,10
5113,12
5114,13
5115,14
5116,15
5117,16
5118,17
5119,18
5120,19
5121,20
5122,11
5123,46
5124,24
5125,48
5126,73
5127,74
5128,75
5129,76
5130,77
5131,78
5132,79
5133,80
5134,82
5135,72
5136,83
5137,85
5138,85
5139,86
5140,87
5141,88
5142,89
5143,90
5144,91
5145,47
5146,84
5147,71
5148,92
5149,49
5150,50
5151,51
5152,52
5153,53
5154,54
5155,70
5156,56
5157,58
5158,59
5159,60
5160,55
5161,62
5162,63
5163,64
5164,65
5165,66
5166,67
5167,68
5168,69
5169,69
5170,61
5171,135
5172,134
5173,132
5174,127
5175,130
5176,129
5177,128
5178,131
5179,137
5180,150
5181,138
5182,139
5183,140
5184,141
5185,143
5186,145
5187,146
5188,149
5189,150
5190,126
5191,138
5192,125
5193,113
5194,123
5195,101
5196,102
5197,103
5198,104
5199,106
5200,107
5201,108
5202,109
5203,110
5204,124
5205,111
5206,114
5207,115
5208,116
5209,117
5210,118
5211,119
5212,120
5213,121
5214,122
5215,112
5216,151
5217,200
5218,153
5219,183
5220,184
5221,184
5222,185
5223,186
5224,187
5225,188
5226,189
5227,190
5228,181
5229,191
5230,193
5231,194
5232,195
5233,195
5234,196
5235,197
5236,198
5237,199
5238,100
5239,192
5240,180
5241,178
5242,177
5243,154
5244,155
5245,156
5246,157
5247,158
5248,159
5249,160
5250,161
5251,163
5252,164
5253,165
5254,166
5255,167
5256,168
5257,169
5258,170
5259,171
5260,172
5261,173
5262,175
5263,176
5264,152
5265,99
5266,98
5267,97
5268,26
5269,27
5270,28
5271,29
5272,30
5273,31
5274,32
5275,33
5276,34
5277,25
5278,35
5279,37
5280,38
5281,39
5282,40
5283,41
5284,42
5285,43
5286,44
5287,45
5288,36
5289,46
5290,24
5291,22
5292,2
5293,3
5294,4
5295,5
5296,6
5297,7
5298,8
5299,9
5300,10
5301,23
5302,11
5303,13
5304,14
5305,15
5306,16
5307,17
5308,18
5309,19
5310,20
5311,21
5312,12
5313,47
5314,1
5315,49
5316,76
5317,77
5318,78
5319,79
5320,81
5321,82
5322,83
5323,48
5324,85
5325,76
5326,87
5327,88
5328,89
5329,90
5330,91
5331,92
5332,93
5333,94
5334,95
5335,96
5336,88
5337,75
5338,84
5339,73
5340,74
5341,51
5342,52
5343,53
5344,54
5345,55
5346,56
5347,58
5348,59
5349,60
5350,50
5351,63
5352,62
5353,71
5354,70
5355,69
5356,72
5357,67
5358,66
5359,65
5360,64
5361,68
5362,133
5363,125
5364,126
5365,127
5366,129
5367,130
5368,131
5369,132
5370,134
5371,139
5372,135
5373,136
5374,137
5375,138
5376,141
5377,142
5378,143
5379,143
5380,144
5381,134
5382,124
5383,100
5384,122
5385,145
5386,101
5387,102
5388,103
5389,104
5390,105
5391,107
5392,108
5393,109
5394,110
5395,111
5396,112
5397,113
5398,114
5399,115
5400,116
5401,117
5402,118
5403,119
5404,120
5405,121
5406,123
5407,146
5408,173
5409,151
5410,182
5411,183
5412,184
5413,185
5414,186
5415,187
5416,187
5417,188
5418,189
5419,181
5420,190
5421,192
5422,193
5423,195
5424,196
5425,197
5426,198
5427,199
5428,200
5429,99
5430,191
5431,147
5432,180
5433,174
5434,153
5435,154
5436,155
5437,156
5438,157
5439,158
5440,159
5441,160
5442,161
5443,176
5444,162
5445,164
5446,165
5447,166
5448,167
5449,168
5450,169
5451,170
5452,171
5453,172
5454,163
5455,98
5456,97
5457,96
5458,26
5459,27
5460,28
5461,29
5462,30
5463,31
5464,32
5465,33
5466,34
5467,24
5468,35
5469,37
5470,38
5471,39
5472,40
5473,41
5474,43
5475,44
5476,45
5477,46
5478,36
5479,47
5480,23
5481,21
5482,1
5483,2
5484,3
5485,4
5486,5
5487,6
5488,7
5489,8
5490,9
5491,22
5492,10
5493,12
5494,13
5495,14
5496,15
5497,16
5498,17
5499,18
5500,19
5501,20
5502,11
5503,48
5504,25
5505,50
5506,77
5507,78
5508,80
5509,81
5510,82
5511,83
5512,84
5513,84
5514,85
5515,76
5516,86
5517,88
5518,89
5519,90
5520,91
5521,92
5522,92
5523,93
5524,94
5525,49
5526,87
5527,75
5528,95
5529,73
5530,74
5531,52
5532,53
5533,54
5534,55
5535,56
5536,57
5537,58
5538,59
5539,60
5540,51
5541,62
5542,63
5543,64
5544,65
5545,67
5546,68
5547,69
5548,70
5549,72
5550,61
5551,132
5552,131
5553,131
5554,126
5555,129
5556,128
5557,127
5558,144
5559,130
5560,133
5561,138
5562,135
5563,136
5564,137
5565,139
5566,139
5567,140
5568,142
5569,143
5570,125
5571,134
5572,124
5573,113
5574,122
5575,145
5576,101
5577,102
5578,103
5579,104
5580,105
5581,106
5582,108
5583,109
5584,123
5585,110
5586,112
5587,114
5588,115
5589,116
5590,117
5591,118
5592,119
5593,120
5594,121
5595,111
5596,146
5597,200
5598,150
5599,183
5600,184
5601,184
5602,185
5603,186
5604,187
5605,188
5606,189
5607,190
5608,182
5609,191
5610,192
5611,193
5612,194
5613,195
5614,196
5615,197
5616,198
5617,199
5618,100
5619,192
5620,179
5621,178
5622,177
5623,151
5624,152
5625,153
5626,155
5627,156
5628,157
5629,158
5630,159
5631,161
5632,162
5633,163
5634,164
5635,165
5636,166
5637,167
5638,168
5639,169
5640,170
5641,171
5642,174
5643,175
5644,149
5645,99
5646,3
5647,96
5648,26
5649,27
5650,28
5651,29
5652,30
5653,31
5654,32
5655,33
5656,34
5657,25
5658,35
5659,37
5660,38
5661,39
5662,40
5663,41
5664,42
5665,43
5666,44
5667,45
5668,36
5669,46
5670,24
5671,22
5672,2
5673,97
5674,4
5675,5
5676,6
5677,7
5678,8
5679,9
5680,10
5681,23
5682,11
5683,13
5684,14
5685,15
5686,16
5687,17
5688,18
5689,19
5690,20
5691,21
5692,12
5693,47
5694,1
5695,49
5696,77
5697,78
5698,79
5699,81
5700,82
5701,83
5702,84
5703,48
5704,86
5705,76
5706,86
5707,88
5708,89
5709,90
5710,91
5711,92
5712,92
5713,93
5714,94
5715,95
5716,87
5717,75
5718,85
5719,73
5720,74
5721,51
5722,52
5723,53
5724,54
5725,55
5726,56
5727,57
5728,58
5729,59
5730,50
5731,63
5732,61
5733,71
5734,70
5735,69
5736,72
5737,67
5738,66
5739,65
5740,64
5741,68
5742,132
5743,125
5744,126
5745,127
5746,128
5747,129
5748,130
5749,131
5750,132
5751,138
5752,134
5753,135
5754,136
5755,137
5756,139
5757,141
5758,142
5759,143
5760,144
5761,133
5762,124
5763,100
5764,121
5765,145
5766,101
5767,102
5768,102
5769,103
5770,104
5771,105
5772,106
5773,107
5774,108
5775,110
5776,111
5777,112
5778,113
5779,114
5780,115
5781,116
5782,117
5783,118
5784,119
5785,120
5786,122
5787,145
5788,176
5789,147
5790,183
5791,184
5792,184
5793,185
5794,186
5795,187
5796,188
5797,189
5798,190
5799,182
5800,191
5801,193
5802,194
5803,195
5804,195
5805,196
5806,197
5807,198
5808,200
5809,99
5810,192
5811,181
5812,179
5813,177
5814,148
5815,149
5816,150
5817,151
5818,152
5819,154
5820,155
5821,157
5822,158
5823,160
5824,161
5825,162
5826,164
5827,165
5828,167
5829,168
5830,169
5831,170
5832,171
5833,172
5834,174
5835,146
5836,98
5837,97
5838,96
5839,26
5840,27
5841,28
5842,29
5843,30
5844,31
5845,32
5846,33
5847,34
5848,24
5849,35
5850,37
5851,38
5852,39
5853,40
5854,41
5855,42
5856,43
5857,44
5858,45
5859,36
5860,46
5861,23
5862,21
5863,1
5864,2
5865,3
5866,4
5867,5
5868,6
5869,7
5870,8
5871,9
5872,22
5873,10
5874,12
5875,13
5876,14
5877,15
5878,16
5879,17
5880,18
5881,19
5882,20
5883,11
5884,47
5885,25
5886,49
5887,74
5888,75
5889,76
5890,77
5891,78
5892,79
5893,80
5894,81
5895,82
5896,73
5897,83
5898,85
5899,86
5900,87
5901,88
5902,89
5903,91
5904,93
5905,94
5906,48
5907,84
5908,73
5909,95
5910,71
5911,72
5912,51
5913,52
5914,53
5915,54
5916,55
5917,56
5918,57
5919,58
5920,59
5921,50
5922,61
5923,62
5924,63
5925,65
5926,66
5927,67
5928,68
5929,69
5930,70
5931,60
5932,132
5933,131
5934,130
5935,125
5936,128
5937,127
5938,126
5939,144
5940,129
5941,133
5942,139
5943,135
5944,136
5945,137
5946,139
5947,140
5948,141
5949,142
5950,143
5951,124
5952,134
5953,123
5954,111
5955,120
5956,145
5957,99
5958,100
5959,101
5960,102
5961,104
5962,105
5963,106
5964,107
5965,121
5966,108
5967,110
5968,112
5969,113
5970,114
5971,115
5972,116
5973,117
5974,119
5975,119
5976,109
5977,146
5978,198
5979,149
5980,175
5981,176
5982,177
5983,178
5984,179
5985,182
5986,183
5987,184
5988,185
5989,174
5990,186
5991,189
5992,190
5993,193
5994,194
5995,194
5996,195
5997,197
5998,200
5999,98
6000,188
6001,173
6002,172
6003,171
6004,150
6005,151
6006,152
6007,153
6008,154
6009,155
6010,156
6011,157
6012,158
6013,158
6014,159
6015,160
6016,161
6017,162
6018,163
6019,164
6020,165
6021,168
6022,168
6023,169
6024,170
6025,147
6026,97
6027,2
6028,95
6029,26
6030,27
6031,28
6032,29
6033,30
6034,31
6035,32
6036,33
6037,34
6038,24
6039,35
6040,36
6041,37
6042,38
6043,39
6044,40
6045,41
6046,42
6047,43
6048,44
6049,35
6050,45
6051,23
6052,21
6053,96
6054,1
6055,3
6056,4
6057,5
6058,6
6059,7
6060,8
6061,9
6062,22
6063,10
6064,12
6065,13
6066,14
6067,15
6068,16
6069,17
6070,18
6071,19
6072,20
6073,11
6074,46
6075,25
6076,48
6077,74
6078,75
6079,76
6080,77
6081,78
6082,79
6083,80
6084,81
6085,83
6086,84
6087,85
6088,86
6089,87
6090,88
6091,89
6092,90
6093,91
6094,92
6095,93
6096,47
6097,94
6098,73
6099,71
6100,82
6101,50
6102,49
6103,70
6104,51
6105,52
6106,53
6107,54
6108,55
6109,57
6110,58
6111,59
6112,56
6113,61
6114,69
6115,60
6116,67
6117,66
6118,65
6119,68
6120,63
6121,62
6122,64
6123,137
6124,129
6125,130
6126,132
6127,132
6128,133
6129,134
6130,135
6131,135
6132,138
6133,147
6134,140
6135,141
6136,142
6137,143
6138,144
6139,145
6140,146
6141,146
6142,128
6143,139
6144,127
6145,102
6146,125
6147,148
6148,103
6149,104
6150,105
6151,106
6152,107
6153,108
6154,109
6155,110
6156,111
6157,112
6158,113
6159,116
6160,117
6161,118
6162,119
6163,120
6164,121
6165,122
6166,123
6167,124
6168,126
6169,149
6170,200
6171,153
6172,179
6173,180
6174,181
6175,182
6176,183
6177,184
6178,185
6179,186
6180,187
6181,190
6182,192
6183,193
6184,194
6185,195
6186,195
6187,196
6188,197
6189,198
6190,199
6191,200
6192,101
6193,178
6194,152
6195,177
6196,175
6197,154
6198,155
6199,156
6200,157
6201,158
6202,158
6203,159
6204,160
6205,161
6206,162
6207,163
6208,164
6209,165
6210,166
6211,167
6212,168
6213,169
6214,170
6215,171
6216,172
6217,173
6218,176
6219,99
6220,21
6221,97
6222,27
6223,28
6224,29
6225,30
6226,31
6227,32
6228,33
6229,34
6230,35
6231,26
6232,36
6233,37
6234,38
6235,39
6236,40
6237,41
6238,42
6239,43
6240,44
6241,45
6242,37
6243,25
6244,24
6245,23
6246,2
6247,3
6248,4
6249,5
6250,6
6251,7
6252,8
6253,9
6254,10
6255,11
6256,12
6257,13
6258,14
6259,15
6260,16
6261,17
6262,18
6263,19
6264,20
6265,98
6266,22
6267,46
6268,47
6269,1
6270,49
6271,76
6272,77
6273,78
6274,79
6275,80
6276,82
6277,83
6278,84
6279,48
6280,86
6281,87
6282,88
6283,89
6284,90
6285,90
6286,91
6287,92
6288,93
6289,94
6290,95
6291,96
6292,75
6293,74
6294,85
6295,72
6296,73
6297,50
6298,51
6299,52
6300,53
6301,54
6302,56
6303,57
6304,58
6305,59
6306,55
6307,61
6308,60
6309,69
6310,68
6311,67
6312,66
6313,70
6314,64
6315,63
6316,62
6317,65
6318,135
6319,126
6320,127
6321,128
6322,129
6323,130
6324,131
6325,132
6326,133
6327,136
6328,144
6329,138
6330,138
6331,139
6332,140
6333,141
6334,141
6335,142
6336,143
6337,143
6338,137
6339,125
6340,98
6341,123
6342,145
6343,99
6344,100
6345,102
6346,104
6347,105
6348,106
6349,107
6350,108
6351,109
6352,110
6353,111
6354,112
6355,113
6356,114
6357,116
6358,117
6359,118
6360,119
6361,120
6362,122
6363,124
6364,146
6365,172
6366,148
6367,177
6368,178
6369,179
6370,180
6371,181
6372,182
6373,183
6374,188
6375,189
6376,176
6377,190
6378,191
6379,192
6380,193
6381,194
6382,195
6383,197
6384,198
6385,200
6386,97
6387,191
6388,175
6389,174
6390,173
6391,150
6392,151
6393,151
6394,152
6395,153
6396,154
6397,155
6398,156
6399,157
6400,158
6401,159
6402,160
6403,161
6404,163
6405,164
6406,166
6407,167
6408,168
6409,169
6410,170
6411,171
6412,147
6413,96
6414,95
6415,94
6416,26
6417,27
6418,28
6419,29
6420,30
6421,31
6422,32
6423,33
6424,34
6425,24
6426,35
6427,37
6428,37
6429,38
6430,39
6431,40
6432,41
6433,42
6434,43
6435,44
6436,36
6437,45
6438,23
6439,21
6440,1
6441,2
6442,3
6443,4
6444,5
6445,6
6446,7
6447,8
6448,9
6449,22
6450,10
6451,12
6452,13
6453,14
6454,15
6455,16
6456,17
6457,18
6458,19
6459,20
6460,11
6461,46
6462,25
6463,48
6464,73
6465,74
6466,75
6467,76
6468,77
6469,78
6470,79
6471,80
6472,81
6473,82
6474,83
6475,84
6476,85
6477,86
6478,87
6479,88
6480,89
6481,90
6482,91
6483,92
6484,47
6485,72
6486,71
6487,93
6488,54
6489,49
6490,50
6491,51
6492,51
6493,52
6494,53
6495,70
6496,55
6497,56
6498,58
6499,57
6500,60
6501,61
6502,62
6503,63
6504,64
6505,65
6506,66
6507,67
6508,69
6509,59
6510,137
6511,138
6512,138
6513,136
6514,149
6515,133
6516,132
6517,131
6518,135
6519,139
6520,148
6521,141
6522,141
6523,142
6524,143
6525,144
6526,145
6527,145
6528,146
6529,147
6530,130
6531,140
6532,128
6533,115
6534,124
6535,101
6536,102
6537,103
6538,104
6539,106
6540,107
6541,108
6542,109
6543,110
6544,126
6545,112
6546,114
6547,116
6548,117
6549,118
6550,119
6551,120
6552,121
6553,122
6554,123
6555,113
6556,150
6557,200
6558,153
6559,179
6560,180
6561,181
6562,182
6563,183
6564,184
6565,185
6566,186
6567,187
6568,188
6569,189
6570,190
6571,190
6572,191
6573,192
6574,193
6575,195
6576,196
6577,197
6578,198
6579,100
6580,178
6581,151
6582,177
6583,174
6584,154
6585,154
6586,155
6587,156
6588,156
6589,158
6590,159
6591,160
6592,160
6593,161
6594,162
6595,164
6596,165
6597,167
6598,168
6599,169
6600,170
6601,171
6602,171
6603,172
6604,173
6605,176
6606,99
6607,3
6608,97
6609,27
6610,28
6611,29
6612,30
6613,31
6614,32
6615,33
6616,34
6617,35
6618,26
6619,36
6620,38
6621,39
6622,39
6623,40
6624,41
6625,41
6626,42
6627,43
6628,44
6629,37
6630,24
6631,23
6632,22
6633,98
6634,1
6635,2
6636,4
6637,5
6638,6
6639,7
6640,8
6641,9
6642,10
6643,11
6644,12
6645,13
6646,14
6647,15
6648,16
6649,17
6650,18
6651,19
6652,20
6653,21
6654,45
6655,46
6656,25
6657,48
6658,75
6659,76
6660,77
6661,78
6662,79
6663,80
6664,81
6665,83
6666,84
6667,85
6668,86
6669,87
6670,88
6671,89
6672,90
6673,91
6674,92
6675,93
6676,94
6677,47
6678,96
6679,74
6680,72
6681,95
6682,50
6683,71
6684,49
6685,51
6686,52
6687,53
6688,54
6689,56
6690,57
6691,58
6692,59
6693,55
6694,61
6695,62
6696,63
6697,64
6698,70
6699,65
6700,66
6701,67
6702,68
6703,60
6704,69
6705,135
6706,135
6707,134
6708,130
6709,132
6710,131
6711,129
6712,136
6713,133
6714,138
6715,148
6716,140
6717,141
6718,141
6719,142
6720,143
6721,144
6722,145
6723,146
6724,128
6725,147
6726,139
6727,128
6728,117
6729,126
6730,103
6731,104
6732,105
6733,200
6734,108
6735,109
6736,111
6737,112
6738,113
6739,114
6740,115
6741,116
6742,118
6743,119
6744,120
6745,121
6746,122
6747,122
6748,123
6749,124
6750,125
6751,127
6752,149
6753,199
6754,152
6755,179
6756,180
6757,181
6758,182
6759,183
6760,184
6761,185
6762,186
6763,187
6764,190
6765,191
6766,191
6767,192
6768,193
6769,194
6770,194
6771,195
6772,196
6773,197
6774,198
6775,102
6776,178
6777,177
6778,176
6779,175
6780,153
6781,153
6782,154
6783,155
6784,156
6785,156
6786,157
6787,158
6788,160
6789,160
6790,151
6791,161
6792,163
6793,164
6794,165
6795,166
6796,167
6797,168
6798,169
6799,171
6800,172
6801,174
6802,162
6803,101
6804,106
6805,99
6806,27
6807,28
6808,29
6809,30
6810,31
6811,32
6812,33
6813,34
6814,35
6815,35
6816,36
6817,37
6818,38
6819,38
6820,39
6821,40
6822,41
6823,42
6824,43
6825,44
6826,45
6827,25
6828,24
6829,23
6830,22
6831,100
6832,1
6833,2
6834,3
6835,4
6836,5
6837,6
6838,7
6839,8
6840,9
6841,46
6842,10
6843,12
6844,13
6845,14
6846,15
6847,16
6848,17
6849,18
6850,19
6851,20
6852,21
6853,11
6854,47
6855,26
6856,49
6857,77
6858,78
6859,79
6860,80
6861,81
6862,82
6863,83
6864,84
6865,86
6866,87
6867,76
6868,88
6869,90
6870,91
6871,92
6872,93
6873,94
6874,95
6875,96
6876,97
6877,48
6878,98
6879,89
6880,75
6881,85
6882,73
6883,50
6884,74
6885,52
6886,53
6887,54
6888,55
6889,56
6890,57
6891,58
6892,59
6893,60
6894,51
6895,62
6896,61
6897,70
6898,69
6899,68
6900,71
6901,65
6902,64
6903,63
6904,67
6905,128
6906,136
6907,129
6908,130
6909,132
6910,133
6911,133
6912,134
6913,135
6914,138
6915,143
6916,140
6917,141
6918,142
6919,144
6920,145
6921,146
6922,147
6923,148
6924,149
6925,127
6926,139
6927,126
6928,102
6929,124
6930,150
6931,103
6932,105
6933,106
6934,108
6935,109
6936,110
6937,111
6938,112
6939,113
6940,114
6941,115
6942,116
6943,117
6944,117
6945,118
6946,119
6947,120
6948,121
6949,122
6950,123
6951,125
6952,152
6953,200
6954,154
6955,179
6956,180
6957,181
6958,182
6959,183
6960,184
6961,185
6962,186
6963,187
6964,187
6965,188
6966,189
6967,190
6968,191
6969,192
6970,194
6971,195
6972,196
6973,197
6974,198
6975,101
6976,178
6977,177
6978,176
6979,175
6980,155
6981,156
6982,157
6983,157
6984,159
6985,160
6986,161
6987,161
6988,162
6989,164
6990,153
6991,165
6992,167
6993,168
6994,169
6995,170
6996,171
6997,171
6998,172
6999,173
7000,174
7001,174
7002,166
7003,100
7004,199
7005,98
7006,26
7007,27
7008,28
7009,29
7010,30
7011,31
7012,32
7013,33
7014,34
7015,34
7016,35
7017,36
7018,36
7019,37
7020,38
7021,39
7022,40
7023,41
7024,42
7025,43
7026,44
7027,25
7028,45
7029,24
7030,22
7031,1
7032,2
7033,3
7034,4
7035,5
7036,6
7037,7
7038,8
7039,9
7040,10
7041,11
7042,12
7043,13
7044,14
7045,15
7046,16
7047,17
7048,18
7049,19
7050,20
7051,21
7052,23
7053,46
7054,99
7055,48
7056,77
7057,78
7058,79
7059,80
7060,81
7061,82
7062,83
7063,84
7064,47
7065,86
7066,87
7067,88
7068,89
7069,90
7070,91
7071,92
7072,93
7073,94
7074,95
7075,96
7076,97
7077,76
7078,75
7079,85
7080,73
7081,74
7082,50
7083,51
7084,52
7085,53
7086,54
7087,55
7088,56
7089,57
7090,58
7091,59
7092,49
7093,61
7094,62
7095,63
7096,64
7097,66
7098,67
7099,68
7100,69
7101,70
7102,72
7103,60
7104,135
7105,134
7106,133
7107,128
7108,131
7109,130
7110,129
7111,136
7112,133
7113,137
7114,142
7115,139
7116,140
7117,141
7118,143
7119,144
7120,145
7121,146
7122,147
7123,148
7124,138
7125,127
7126,102
7127,125
7128,149
7129,103
7130,104
7131,105
7132,106
7133,108
7134,109
7135,110
7136,110
7137,111
7138,126
7139,112
7140,114
7141,115
7142,116
7143,117
7144,118
7145,119
7146,120
7147,122
7148,123
7149,124
7150,113
7151,150
7152,176
7153,152
7154,181
7155,182
7156,182
7157,183
7158,184
7159,185
7160,186
7161,187
7162,188
7163,189
7164,190
7165,191
7166,192
7167,194
7168,195
7169,195
7170,196
7171,197
7172,198
7173,199
7174,101
7175,180
7176,180
7177,179
7178,178
7179,153
7180,154
7181,154
7182,156
7183,158
7184,159
7185,160
7186,161
7187,162
7188,163
7189,151
7190,164
7191,166
7192,168
7193,169
7194,170
7195,171
7196,172
7197,173
7198,174
7199,175
7200,175
7201,165
7202,200
7203,100
7204,97
7205,26
7206,27
7207,28
7208,29
7209,30
7210,30
7211,31
7212,32
7213,33
7214,34
7215,35
7216,36
7217,36
7218,37
7219,38
7220,39
7221,40
7222,41
7223,42
7224,43
7225,44
7226,24
7227,45
7228,23
7229,21
7230,98
7231,1
7232,2
7233,3
7234,4
7235,5
7236,6
7237,7
7238,8
7239,9
7240,10
7241,11
7242,12
7243,13
7244,14
7245,15
7246,16
7247,17
7248,18
7249,19
7250,20
7251,22
7252,46
7253,25
7254,48
7255,76
7256,77
7257,78
7258,79
7259,80
7260,81
7261,82
7262,83
7263,84
7264,85
7265,86
7266,87
7267,88
7268,89
7269,90
7270,91
7271,92
7272,93
7273,94
7274,95
7275,47
7276,75
7277,74
7278,96
7279,72
7280,73
7281,50
7282,51
7283,52
7284,53
7285,54
7286,55
7287,56
7288,57
7289,58
7290,59
7291,49
7292,61
7293,62
7294,63
7295,64
7296,65
7297,67
7298,69
7299,70
7300,71
7301,60
7302,136
7303,135
7304,135
7305,130
7306,133
7307,132
7308,131
7309,149
7310,134
7311,137
7312,141
7313,138
7314,139
7315,140
7316,142
7317,143
7318,144
7319,145
7320,146
7321,147
7322,129
7323,199
7324,128
7325,116
7326,126
7327,150
7328,103
7329,104
7330,106
7331,107
7332,108
7333,109
7334,110
7335,111
7336,112
7337,114
7338,114
7339,115
7340,117
7341,118
7342,119
7343,120
7344,121
7345,123
7346,124
7347,125
7348,127
7349,151
7350,102
7351,153
7352,181
7353,182
7354,183
7355,184
7356,185
7357,185
7358,186
7359,187
7360,188
7361,188
7362,189
7363,190
7364,191
7365,192
7366,193
7367,193
7368,194
7369,195
7370,196
7371,197
7372,198
7373,179
7374,152
7375,178
7376,176
7377,154
7378,154
7379,155
7380,156
7381,156
7382,157
7383,158
7384,159
7385,160
7386,161
7387,163
7388,164
7389,165
7390,166
7391,167
7392,169
7393,170
7394,171
7395,172
7396,173
7397,175
7398,177
7399,101
7400,61
7401,99
7402,26
7403,27
7404,28
7405,29
7406,30
7407,30
7408,31
7409,32
7410,33
7411,34
7412,35
7413,37
7414,38
7415,39
7416,40
7417,41
7418,42
7419,42
7420,43
7421,44
7422,45
7423,25
7424,46
7425,24
7426,22
7427,1
7428,2
7429,3
7430,4
7431,5
7432,6
7433,7
7434,8
7435,9
7436,10
7437,11
7438,12
7439,13
7440,14
7441,15
7442,16
7443,17
7444,18
7445,19
7446,20
7447,21
7448,23
7449,47
7450,100
7451,49
7452,77
7453,78
7454,79
7455,81
7456,82
7457,83
7458,84
7459,85
7460,48
7461,87
7462,88
7463,89
7464,90
7465,91
7466,92
7467,93
7468,94
7469,95
7470,96
7471,97
7472,98
7473,76
7474,75
7475,86
7476,73
7477,74
7478,50
7479,51
7480,52
7481,53
7482,54
7483,56
7484,57
7485,58
7486,59
7487,55
7488,62
7489,60
7490,70
7491,69
7492,68
7493,67
7494,72
7495,65
7496,64
7497,63
7498,66
7499,139
7500,130
7501,131
7502,132
7503,133
7504,134
7505,136
7506,137
7507,138
7508,140
7509,150
7510,142
7511,142
7512,143
7513,144
7514,145
7515,146
7516,147
7517,148
7518,149
7519,141
7520,129
7521,103
7522,127
7523,151
7524,104
7525,105
7526,107
7527,108
7528,109
7529,110
7530,111
7531,113
7532,114
7533,128
7534,115
7535,116
7536,117
7537,118
7538,119
7539,120
7540,121
7541,122
7542,123
7543,124
7544,126
7545,115
7546,152
7547,176
7548,154
7549,182
7550,183
7551,184
7552,185
7553,186
7554,187
7555,188
7556,189
7557,190
7558,190
7559,191
7560,191
7561,192
7562,193
7563,193
7564,195
7565,195
7566,197
7567,198
7568,199
7569,102
7570,181
7571,153
7572,179
7573,177
7574,155
7575,156
7576,156
7577,157
7578,158
7579,159
7580,160
7581,160
7582,162
7583,164
7584,165
7585,166
7586,167
7587,168
7588,169
7589,170
7590,171
7591,172
7592,173
7593,174
7594,175
7595,178
7596,101
7597,196
7598,99
7599,27
7600,28
7601,29
7602,30
7603,32
7604,32
7605,33
7606,34
7607,35
7608,26
7609,36
7610,38
7611,39
7612,40
7613,41
7614,42
7615,43
7616,45
7617,46
7618,47
7619,37
7620,25
7621,24
7622,23
7623,1
7624,3
7625,4
7626,5
7627,6
7628,7
7629,8
7630,9
7631,10
7632,11
7633,12
7634,13
7635,14
7636,15
7637,16
7638,17
7639,18
7640,19
7641,20
7642,21
7643,22
7644,47
7645,48
7646,2
7647,50
7648,78
7649,79
7650,80
7651,81
7652,82
7653,83
7654,84
7655,85
7656,86
7657,87
7658,88
7659,89
7660,90
7661,91
7662,92
7663,93
7664,94
7665,95
7666,96
7667,98
7668,49
7669,77
7670,76
7671,100
7672,73
7673,52
7674,51
7675,53
7676,54
7677,55
7678,56
7679,75
7680,58
7681,59
7682,60
7683,61
7684,57
7685,63
7686,72
7687,62
7688,70
7689,69
7690,71
7691,67
7692,66
7693,65
7694,64
7695,68
7696,129
7697,130
7698,133
7699,134
7700,135
7701,136
7702,137
7703,138
7704,139
7705,148
7706,141
7707,142
7708,143
7709,144
7710,145
7711,145
7712,146
7713,147
7714,149
7715,140
7716,127
7717,115
7718,125
7719,100
7720,101
7721,102
7722,103
7723,104
7724,106
7725,107
7726,108
7727,109
7728,110
7729,126
7730,111
7731,114
7732,150
7733,116
7734,118
7735,120
7736,121
7737,122
7738,122
7739,123
7740,124
7741,113
7742,151
7743,162
7744,152
7745,180
7746,181
7747,183
7748,184
7749,186
7750,187
7751,188
7752,189
7753,190
7754,178
7755,191
7756,193
7757,194
7758,195
7759,197
7760,198
7761,198
7762,199
7763,99
7764,200
7765,192
7766,177
7767,176
7768,175
7769,153
7770,154
7771,155
7772,156
7773,157
7774,158
7775,159
7776,160
7777,161
7778,163
7779,163
7780,164
7781,165
7782,166
7783,167
7784,168
7785,169
7786,170
7787,171
7788,172
7789,174
7790,151
7791,173
7792,97
7793,96
7794,26
7795,28
7796,29
7797,30
7798,31
7799,32
7800,33
7801,33
7802,34
7803,25
7804,35
7805,37
7806,38
7807,39
7808,40
7809,41
7810,42
7811,43
7812,44
7813,45
7814,36
7815,23
7816,22
7817,21
7818,98
7819,1
7820,2
7821,3
7822,4
7823,5
7824,6
7825,7
7826,8
7827,9
7828,10
7829,11
7830,12
7831,13
7832,14
7833,15
7834,16
7835,17
7836,18
7837,19
7838,20
7839,46
7840,47
7841,24
7842,49
7843,73
7844,75
7845,76
7846,77
7847,78
7848,79
7849,80
7850,81
7851,83
7852,84
7853,85
7854,86
7855,87
7856,88
7857,89
7858,90
7859,91
7860,92
7861,93
7862,94
7863,48
7864,72
7865,71
7866,95
7867,55
7868,50
7869,50
7870,51
7871,52
7872,53
7873,54
7874,70
7875,56
7876,57
7877,59
7878,58
7879,61
7880,62
7881,63
7882,64
7883,65
7884,66
7885,67
7886,68
7887,69
7888,60
7889,134
7890,136
7891,135
7892,132
7893,148
7894,130
7895,129
7896,128
7897,131
7898,137
7899,147
7900,139
7901,141
7902,142
7903,142
7904,143
7905,144
7906,144
7907,145
7908,146
7909,127
7910,138
7911,126
7912,113
7913,123
7914,100
7915,101
7916,102
7917,103
7918,105
7919,106
7920,107
7921,108
7922,109
7923,124
7924,110
7925,112
7926,114
7927,115
7928,117
7929,119
7930,120
7931,121
7932,121
7933,122
7934,111
7935,149
7936,99
7937,151
7938,176
7939,177
7940,178
7941,179
7942,180
7943,181
7944,182
7945,185
7946,186
7947,175
7948,187
7949,189
7950,193
7951,193
7952,194
7953,195
7954,196
7955,198
7956,199
7957,200
7958,188
7959,174
7960,173
7961,172
7962,152
7963,153
7964,154
7965,155
7966,156
7967,157
7968,158
7969,159
7970,160
7971,161
7972,162
7973,163
7974,164
7975,164
7976,165
7977,166
7978,167
7979,168
7980,169
7981,170
7982,171
7983,150
7984,97
7985,98
7986,95
7987,27
7988,28
7989,30
7990,31
7991,32
7992,33
7993,34
7994,35
7995,35
7996,26
7997,36
7998,38
7999,39
8000,40
8001,41
8002,42
8003,43
8004,44
8005,45
8006,46
8007,37
8008,24
8009,23
8010,22
8011,1
8012,2
8013,3
8014,4
8015,5
8016,6
8017,7
8018,8
8019,9
8020,10
8021,11
8022,12
8023,13
8024,14
8025,15
8026,16
8027,17
8028,18
8029,19
8030,20
8031,21
8032,47
8033,47
8034,25
8035,48
8036,73
8037,75
8038,76
8039,77
8040,78
8041,80
8042,81
8043,82
8044,83
8045,84
8046,85
8047,86
8048,87
8049,88
8050,89
8051,90
8052,91
8053,92
8054,93
8055,94
8056,47
8057,72
8058,71
8059,96
8060,49
8061,70
8062,50
8063,51
8064,52
8065,53
8066,53
8067,55
8068,56
8069,57
8070,58
8071,54
8072,60
8073,61
8074,62
8075,63
8076,69
8077,64
8078,65
8079,66
8080,67
8081,68
8082,59
8083,136
8084,135
8085,134
8086,129
8087,132
8088,131
8089,130
8090,137
8091,133
8092,140
8093,152
8094,143
8095,144
8096,145
8097,146
8098,148
8099,149
8100,150
8101,151
8102,151
8103,128
8104,141
8105,127
8106,113
8107,124
8108,100
8109,101
8110,102
8111,103
8112,105
8113,106
8114,107
8115,108
8116,109
8117,110
8118,111
8119,112
8120,114
8121,115
8122,116
8123,117
8124,118
8125,119
8126,120
8127,123
8128,123
8129,125
8130,153
8131,199
8132,154
8133,179
8134,180
8135,181
8136,182
8137,183
8138,184
8139,185
8140,186
8141,187
8142,188
8143,189
8144,190
8145,191
8146,192
8147,194
8148,195
8149,196
8150,197
8151,197
8152,198
8153,99
8154,178
8155,154
8156,177
8157,176
8158,155
8159,156
8160,157
8161,158
8162,159
8163,160
8164,161
8165,162
8166,163
8167,164
8168,165
8169,166
8170,167
8171,168
8172,169
8173,170
8174,171
8175,172
8176,173
8177,174
8178,175
8179,177
8180,98
8181,200
8182,96
8183,26
8184,27
8185,28
8186,29
8187,31
8188,32
8189,33
8190,34
8191,35
8192,36
8193,37
8194,37
8195,38
8196,39
8197,40
8198,41
8199,42
8200,43
8201,44
8202,45
8203,46
8204,25
8205,47
8206,24
8207,22
8208,1
8209,2
8210,3
8211,4
8212,5
8213,6
8214,7
8215,8
8216,9
8217,10
8218,11
8219,12
8220,13
8221,14
8222,15
8223,16
8224,17
8225,18
8226,19
8227,20
8228,21
8229,23
8230,48
8231,97
8232,50
8233,76
8234,77
8235,78
8236,79
8237,80
8238,81
8239,83
8240,84
8241,49
8242,86
8243,87
8244,88
8245,89
8246,90
8247,91
8248,92
8249,93
8250,94
8251,94
8252,94
8253,95
8254,75
8255,74
8256,85
8257,72
8258,73
8259,51
8260,52
8261,53
8262,54
8263,55
8264,57
8265,57
8266,58
8267,59
8268,56
8269,61
8270,60
8271,69
8272,68
8273,67
8274,66
8275,71
8276,64
8277,63
8278,62
8279,65
8280,134
8281,126
8282,127
8283,128
8284,129
8285,130
8286,131
8287,132
8288,133
8289,136
8290,147
8291,138
8292,139
8293,140
8294,141
8295,143
8296,144
8297,145
8298,146
8299,147
8300,137
8301,124
8302,102
8303,123
8304,148
8305,103
8306,104
8307,105
8308,106
8309,107
8310,108
8311,109
8312,110
8313,111
8314,124
8315,112
8316,114
8317,115
8318,116
8319,117
8320,119
8321,119
8322,119
8323,120
8324,121
8325,122
8326,113
8327,149
8328,173
8329,151
8330,178
8331,179
8332,180
8333,181
8334,182
8335,184
8336,186
8337,187
8338,188
8339,189
8340,189
8341,190
8342,191
8343,192
8344,193
8345,195
8346,195
8347,196
8348,197
8349,199
8350,101
8351,177
8352,150
8353,176
8354,174
8355,152
8356,153
8357,153
8358,154
8359,155
8360,156
8361,157
8362,158
8363,159
8364,160
8365,161
8366,163
8367,164
8368,165
8369,166
8370,167
8371,168
8372,168
8373,169
8374,170
8375,171
8376,175
8377,199
8378,100
8379,97
8380,26
8381,27
8382,28
8383,29
8384,29
8385,30
8386,31
8387,32
8388,33
8389,25
8390,35
8391,37
8392,38
8393,39
8394,40
8395,41
8396,42
8397,43
8398,44
8399,45
8400,36
8401,23
8402,22
8403,21
8404,98
8405,1
8406,2
8407,3
8408,4
8409,5
8410,6
8411,7
8412,8
8413,9
8414,10
8415,11
8416,12
8417,13
8418,14
8419,15
8420,16
8421,17
8422,18
8423,19
8424,20
8425,46
8426,47
8427,24
8428,49
8429,75
8430,76
8431,77
8432,78
8433,79
8434,80
8435,81
8436,82
8437,84
8438,85
8439,87
8440,88
8441,89
8442,90
8443,91
8444,92
8445,93
8446,94
8447,95
8448,48
8449,96
8450,74
8451,73
8452,83
8453,51
8454,50
8455,72
8456,52
8457,53
8458,54
8459,55
8460,56
8461,58
8462,59
8463,59
8464,60
8465,57
8466,69
8467,62
8468,63
8469,64
8470,65
8471,66
8472,67
8473,68
8474,61
8475,70
8476,137
8477,136
8478,135
8479,134
8480,130
8481,132
8482,131
8483,138
8484,133
8485,139
8486,149
8487,141
8488,142
8489,143
8490,144
8491,145
8492,146
8493,146
8494,147
8495,200
8496,130
8497,140
8498,129
8499,103
8500,126
8501,150
8502,104
8503,105
8504,106
8505,107
8506,108
8507,109
8508,110
8509,111
8510,112
8511,113
8512,114
8513,115
8514,116
8515,117
8516,118
8517,119
8518,121
8519,122
8520,123
8521,124
8522,127
8523,151
8524,199
8525,151
8526,177
8527,178
8528,179
8529,180
8530,181
8531,181
8532,183
8533,184
8534,186
8535,187
8536,188
8537,189
8538,190
8539,192
8540,194
8541,195
8542,196
8543,197
8544,198
8545,198
8546,102
8547,176
8548,151
8549,175
8550,173
8551,152
8552,153
8553,154
8554,155
8555,156
8556,157
8557,158
8558,159
8559,160
8560,161
8561,161
8562,162
8563,164
8564,166
8565,167
8566,168
8567,169
8568,170
8569,171
8570,171
8571,172
8572,174
8573,101
8574,148
8575,99
8576,26
8577,27
8578,28
8579,29
8580,30
8581,30
8582,31
8583,32
8584,33
8585,34
8586,35
8587,36
8588,37
8589,38
8590,40
8591,41
8592,42
8593,43
8594,44
8595,45
8596,46
8597,24
8598,47
8599,23
8600,21
8601,100
8602,1
8603,2
8604,3
8605,4
8606,5
8607,6
8608,7
8609,8
8610,9
8611,10
8612,11
8613,12
8614,13
8615,14
8616,15
8617,16
8618,17
8619,18
8620,19
8621,20
8622,22
8623,48
8624,25
8625,50
8626,76
8627,77
8628,78
8629,79
8630,80
8631,81
8632,82
8633,83
8634,84
8635,85
8636,86
8637,87
8638,88
8639,90
8640,91
8641,92
8642,93
8643,94
8644,95
8645,97
8646,49
8647,75
8648,74
8649,98
8650,72
8651,73
8652,52
8653,53
8654,54
8655,55
8656,56
8657,57
8658,58
8659,59
8660,60
8661,61
8662,51
8663,62
8664,63
8665,64
8666,65
8667,66
8668,67
8669,68
8670,70
8671,71
8672,62
8673,138
8674,137
8675,136
8676,132
8677,135
8678,134
8679,133
8680,150
8681,136
8682,139
8683,144
8684,141
8685,142
8686,143
8687,145
8688,145
8689,146
8690,147
8691,148
8692,149
8693,130
8694,140
8695,128
8696,116
8697,126
8698,151
8699,104
8700,105
8701,106
8702,107
8703,108
8704,109
8705,110
8706,111
8707,112
8708,113
8709,114
8710,115
8711,117
8712,119
8713,120
8714,122
8715,122
8716,123
8717,124
8718,125
8719,127
8720,152
8721,200
8722,154
8723,178
8724,180
8725,181
8726,182
8727,183
8728,184
8729,184
8730,186
8731,187
8732,189
8733,190
8734,191
8735,192
8736,194
8737,195
8738,195
8739,196
8740,197
8741,197
8742,199
8743,103
8744,177
8745,177
8746,176
8747,175
8748,155
8749,156
8750,157
8751,158
8752,159
8753,160
8754,161
8755,162
8756,163
8757,164
8758,153
8759,165
8760,165
8761,166
8762,167
8763,168
8764,169
8765,169
8766,170
8767,171
8768,172
8769,174
8770,165
8771,102
8772,198
8773,100
8774,26
8775,27
8776,28
8777,29
8778,29
8779,30
8780,31
8781,32
8782,33
8783,34
8784,35
8785,36
8786,38
8787,39
8788,40
8789,41
8790,42
8791,43
8792,44
8793,45
8794,46
8795,25
8796,47
8797,24
8798,22
8799,101
8800,2
8801,3
8802,4
8803,5
8804,6
8805,7
8806,8
8807,9
8808,10
8809,11
8810,12
8811,13
8812,14
8813,15
8814,16
8815,17
8816,18
8817,19
8818,20
8819,21
8820,23
8821,48
8822,1
8823,50
8824,77
8825,78
8826,79
8827,80
8828,81
8829,82
8830,83
8831,84
8832,85
8833,86
8834,87
8835,88
8836,89
8837,90
8838,92
8839,94
8840,95
8841,96
8842,97
8843,98
8844,49
8845,76
8846,75
8847,99
8848,73
8849,74
8850,51
8851,53
8852,54
8853,55
8854,56
8855,57
8856,58
8857,59
8858,60
8859,61
8860,52
8861,63
8862,62
8863,72
8864,70
8865,69
8866,71
8867,66
8868,65
8869,64
8870,64
8871,68
8872,131
8873,132
8874,133
8875,134
8876,135
8877,135
8878,136
8879,137
8880,138
8881,142
8882,140
8883,140
8884,141
8885,143
8886,144
8887,145
8888,146
8889,147
8890,148
8891,149
8892,139
8893,130
8894,117
8895,127
8896,102
8897,150
8898,104
8899,106
8900,107
8901,108
8902,109
8903,110
8904,111
8905,112
8906,128
8907,113
8908,116
8909,118
8910,119
8911,120
8912,121
8913,122
8914,123
8915,124
8916,125
8917,126
8918,114
8919,151
8920,175
8921,153
8922,180
8923,182
8924,183
8925,184
8926,185
8927,186
8928,188
8929,188
8930,189
8931,190
8932,190
8933,191
8934,192
8935,193
8936,195
8937,195
8938,197
8939,198
8940,199
8941,199
8942,200
8943,179
8944,152
8945,178
8946,175
8947,154
8948,155
8949,156
8950,157
8951,158
8952,159
8953,160
8954,161
8955,162
8956,163
8957,164
8958,165
8959,165
8960,166
8961,167
8962,169
8963,170
8964,171
8965,172
8966,173
8967,174
8968,177
8969,101
8970,99
8971,98
8972,26
8973,27
8974,28
8975,29
8976,30
8977,31
8978,31
8979,32
8980,33
8981,24
8982,34
8983,36
8984,37
8985,38
8986,40
8987,41
8988,42
8989,43
8990,44
8991,45
8992,35
8993,23
8994,22
8995,21
8996,100
8997,1
8998,2
8999,3
9000,4
9001,5
9002,6
9003,7
9004,8
9005,9
9006,10
9007,11
9008,12
9009,13
9010,14
9011,15
9012,16
9013,17
9014,18
9015,19
9016,20
9017,46
9018,47
9019,25
9020,49
9021,75
9022,76
9023,77
9024,78
9025,79
9026,80
9027,81
9028,82
9029,83
9030,84
9031,85
9032,86
9033,87
9034,88
9035,89
9036,90
9037,91
9038,92
9039,94
9040,96
9041,48
9042,74
9043,73
9044,97
9045,71
9046,72
9047,51
9048,52
9049,53
9050,54
9051,55
9052,56
9053,57
9054,58
9055,59
9056,60
9057,50
9058,62
9059,64
9060,65
9061,66
9062,67
9063,67
9064,68
9065,69
9066,70
9067,61
9068,137
9069,136
9070,135
9071,129
9072,132
9073,131
9074,130
9075,148
9076,134
9077,138
9078,142
9079,140
9080,141
9081,141
9082,143
9083,144
9084,200
9085,146
9086,147
9087,128
9088,139
9089,127
9090,114
9091,124
9092,148
9093,101
9094,102
9095,103
9096,104
9097,105
9098,107
9099,108
9100,109
9101,111
9102,112
9103,113
9104,115
9105,116
9106,117
9107,118
9108,119
9109,120
9110,121
9111,122
9112,123
9113,125
9114,150
9115,100
9116,152
9117,177
9118,178
9119,179
9120,180
9121,181
9122,182
9123,183
9124,184
9125,185
9126,176
9127,186
9128,188
9129,189
9130,192
9131,192
9132,193
9133,195
9134,197
9135,198
9136,199
9137,187
9138,176
9139,175
9140,175
9141,153
9142,154
9143,155
9144,155
9145,156
9146,157
9147,158
9148,159
9149,160
9150,161
9151,162
9152,163
9153,164
9154,165
9155,166
9156,167
9157,169
9158,170
9159,172
9160,173
9161,174
9162,151
9163,98
9164,145
9165,96
9166,26
9167,27
9168,28
9169,29
9170,30
9171,31
9172,32
9173,33
9174,34
9175,25
9176,34
9177,36
9178,37
9179,38
9180,39
9181,41
9182,42
9183,43
9184,44
9185,45
9186,35
9187,24
9188,23
9189,22
9190,1
9191,2
9192,3
9193,4
9194,5
9195,6
9196,7
9197,8
9198,9
9199,10
9200,11
9201,12
9202,13
9203,14
9204,15
9205,16
9206,17
9207,18
9208,19
9209,20
9210,21
9211,46
9212,47
9213,97
9214,49
9215,75
9216,76
9217,77
9218,78
9219,79
9220,80
9221,81
9222,82
9223,84
9224,74
9225,85
9226,87
9227,88
9228,89
9229,90
9230,91
9231,92
9232,93
9233,94
9234,48
9235,86
9236,73
9237,83
9238,72
9239,73
9240,51
9241,52
9242,53
9243,54
9244,55
9245,56
9246,58
9247,59
9248,60
9249,57
9250,50
9251,71
9252,61
9253,69
9254,68
9255,67
9256,70
9257,65
9258,64
9259,62
9260,66
9261,138
9262,132
9263,133
9264,134
9265,135
9266,136
9267,136
9268,137
9269,140
9270,151
9271,142
9272,143
9273,144
9274,145
9275,146
9276,147
9277,148
9278,149
9279,150
9280,131
9281,141
9282,129
9283,103
9284,127
9285,152
9286,104
9287,105
9288,106
9289,107
9290,108
9291,109
9292,110
9293,111
9294,113
9295,114
9296,115
9297,116
9298,117
9299,118
9300,120
9301,121
9302,123
9303,124
9304,125
9305,126
9306,128
9307,153
9308,177
9309,154
9310,181
9311,182
9312,183
9313,184
9314,186
9315,187
9316,188
9317,189
9318,190
9319,180
9320,191
9321,193
9322,194
9323,195
9324,196
9325,197
9326,198
9327,199
9328,200
9329,102
9330,192
9331,180
9332,179
9333,178
9334,155
9335,156
9336,157
9337,158
9338,159
9339,160
9340,162
9341,163
9342,164
9343,165
9344,166
9345,168
9346,170
9347,171
9348,172
9349,173
9350,174
9351,175
9352,176
9353,176
9354,178
9355,153
9356,99
9357,98
9358,97
9359,27
9360,28
9361,29
9362,30
9363,31
9364,32
9365,33
9366,34
9367,35
9368,26
9369,36
9370,37
9371,38
9372,39
9373,40
9374,41
9375,42
9376,43
9377,45
9378,46
9379,37
9380,25
9381,24
9382,23
9383,2
9384,3
9385,4
9386,5
9387,6
9388,7
9389,8
9390,9
9391,10
9392,11
9393,12
9394,13
9395,14
9396,15
9397,16
9398,17
9399,18
9400,19
9401,20
9402,21
9403,22
9404,47
9405,48
9406,1
9407,50
9408,76
9409,77
9410,78
9411,79
9412,80
9413,81
9414,82
9415,83
9416,85
9417,75
9418,86
9419,88
9420,89
9421,90
9422,91
9423,92
9424,93
9425,94
9426,95
9427,49
9428,87
9429,75
9430,84
9431,73
9432,74
9433,52
9434,53
9435,54
9436,55
9437,56
9438,57
9439,59
9440,60
9441,62
9442,58
9443,51
9444,72
9445,63
9446,70
9447,69
9448,68
9449,71
9450,66
9451,65
9452,64
9453,67
9454,139
9455,129
9456,130
9457,131
9458,132
9459,135
9460,137
9461,138
9462,140
9463,151
9464,142
9465,143
9466,144
9467,145
9468,146
9469,148
9470,149
9471,149
9472,150
9473,128
9474,141
9475,127
9476,100
9477,125
9478,200
9479,101
9480,102
9481,104
9482,106
9483,107
9484,108
9485,109
9486,110
9487,111
9488,112
9489,113
9490,114
9491,115
9492,116
9493,117
9494,118
9495,119
9496,120
9497,121
9498,123
9499,126
9500,152
9501,176
9502,154
9503,182
9504,183
9505,184
9506,185
9507,186
9508,187
9509,187
9510,188
9511,189
9512,181
9513,189
9514,192
9515,193
9516,194
9517,195
9518,196
9519,197
9520,198
9521,199
9522,99
9523,191
9524,180
9525,179
9526,177
9527,155
9528,156
9529,157
9530,158
9531,160
9532,161
9533,162
9534,163
9535,164
9536,164
9537,165
9538,166
9539,167
9540,168
9541,169
9542,170
9543,171
9544,172
9545,174
9546,175
9547,177
9548,153
9549,98
9550,49
9551,96
9552,26
9553,27
9554,28
9555,29
9556,30
9557,31
9558,32
9559,33
9560,34
9561,24
9562,35
9563,37
9564,38
9565,39
9566,40
9567,41
9568,41
9569,42
9570,43
9571,44
9572,36
9573,23
9574,22
9575,21
9576,97
9577,1
9578,2
9579,3
9580,4
9581,5
9582,6
9583,7
9584,8
9585,9
9586,10
9587,11
9588,12
9589,13
9590,14
9591,15
9592,16
9593,17
9594,18
9595,19
9596,20
9597,45
9598,46
9599,25
9600,51
9601,76
9602,77
9603,78
9604,79
9605,80
9606,81
9607,82
9608,84
9609,85
9610,75
9611,86
9612,88
9613,88
9614,89
9615,90
9616,91
9617,92
9618,93
9619,94
9620,48
9621,87
9622,74
9623,83
9624,72
9625,52
9626,73
9627,54
9628,55
9629,56
9630,57
9631,58
9632,59
9633,60
9634,61
9635,62
9636,53
9637,64
9638,63
9639,71
9640,70
9641,69
9642,95
9643,67
9644,66
9645,65
9646,68
9647,139
9648,134
9649,135
9650,136
9651,137
9652,137
9653,129
9654,138
9655,141
9656,146
9657,143
9658,144
9659,145
9660,147
9661,148
9662,149
9663,150
9664,151
9665,128
9666,142
9667,127
9668,102
9669,124
9670,152
9671,103
9672,104
9673,105
9674,106
9675,107
9676,108
9677,109
9678,110
9679,111
9680,112
9681,113
9682,114
9683,115
9684,116
9685,117
9686,118
9687,120
9688,121
9689,122
9690,123
9691,126
9692,153
9693,197
9694,155
9695,178
9696,179
9697,180
9698,182
9699,183
9700,184
9701,185
9702,186
9703,187
9704,177
9705,187
9706,189
9707,191
9708,192
9709,193
9710,194
9711,194
9712,195
9713,196
9714,101
9715,188
9716,176
9717,176
9718,175
9719,156
9720,157
9721,158
9722,159
9723,160
9724,161
9725,161
9726,162
9727,163
9728,164
9729,164
9730,165
9731,166
9732,167
9733,168
9734,169
9735,170
9736,171
9737,172
9738,173
9739,174
9740,154
9741,100
9742,50
9743,97
9744,25
9745,26
9746,27
9747,28
9748,29
9749,30
9750,31
9751,32
9752,33
9753,24
9754,34
9755,36
9756,37
9757,38
9758,38
9759,39
9760,40
9761,42
9762,43
9763,44
9764,35
9765,23
9766,22
9767,21
9768,198
9769,1
9770,2
9771,3
9772,4
9773,5
9774,6
9775,7
9776,8
9777,9
9778,10
9779,11
9780,12
9781,13
9782,14
9783,15
9784,16
9785,17
9786,18
9787,19
9788,20
9789,45
9790,99
9791,46
9792,48
9793,77
9794,78
9795,79
9796,80
9797,81
9798,82
9799,83
9800,84
9801,85
9802,76
9803,85
9804,87
9805,88
9806,89
9807,90
9808,91
9809,92
9810,93
9811,94
9812,95
9813,86
9814,75
9815,74
9816,73
9817,51
9818,52
9819,53
9820,54
9821,55
9822,56
9823,57
9824,58
9825,59
9826,60
9827,62
9828,63
9829,64
9830,65
9831,66
9832,67
9833,68
9834,69
9835,70
9836,71
9837,72
9838,47
9839,200
