date,Artist
2023-09-24,악뮤
2023-09-24,다이나믹 듀오
2023-09-24,이영지
2023-09-24,뉴진스
2023-09-24,정국
2023-09-24,전소미
2023-09-24,박재정
2023-09-24,화사
2023-09-24,아이브
2023-09-24,우디
2023-09-24,스테이씨
2023-09-24,여자 아이들
2023-09-24,르세라핌
2023-09-24,라우브
2023-09-24,에스파
2023-09-24,로이킴
2023-09-24,윤하
2023-09-24,서동현
2023-09-24,폴 블랑코
2023-09-24,라이즈
2023-09-24,있지
2023-09-24,성시경
2023-09-24,임영웅
2023-09-24,디케이
2023-09-24,잔나비
2023-09-24,탑현
2023-09-24,찰리 푸스
2023-09-24,뷔
2023-09-24,멜로망스
2023-09-24,세븐틴
2023-09-24,크러쉬
2023-09-24,하이키
2023-09-24,지수
2023-09-24,임한별
2023-09-24,김민석
2023-09-24,엔시티 유
2023-09-24,더 키드 라로이
2023-09-24,저스틴 비버
2023-09-24,이세계 아이돌
2023-09-24,경서예지
2023-09-24,전건호
2023-09-24,허각
2023-09-24,부석순
2023-09-24,디오
2023-09-24,케이시
2023-09-24,#안녕
2023-09-24,우효
2023-09-24,지민
2023-09-24,피프티 피프티
2023-09-24,김연지
2023-09-24,엔시티 드림
2023-09-24,방탄소년단
2023-09-24,이무진
2023-09-24,폴킴
2023-09-24,제이세라
2023-09-24,어거스트 디
2023-09-24,테이
2023-09-24,지아
2023-09-24,오마이걸
2023-09-24,10cm
2023-09-24,경서
2023-09-24,도자 캣
2023-09-24,던
2023-09-24,권은비
2023-09-24,바이브
2023-09-24,여자 아이들
2023-09-24,너드커넥션
2023-09-24,잭 에프론
2023-09-24,젠데이아
2023-09-24,아이유
2023-09-24,릴러말즈
2023-09-24,보이넥스트도어
2023-09-24,임재현
2023-09-24,요아소비
2023-09-24,블랙핑크
2023-09-24,데이식스
2023-09-24,제이홉
2023-09-24,제이콜
2023-09-24,백아
2023-09-24,이마세
2023-09-24,여자 아이들
2023-09-24,크리스토퍼
2023-09-24,청하
2023-09-24,디제이 프리미어
2023-09-24,영탁
2023-09-24,주호
2023-09-24,키스 오브 라이프
2023-09-24,거미
2023-09-24,지코
2023-09-24,앤 마리
2023-09-24,죠지
2023-09-24,비투비
2023-09-24,WSG워너비
2023-09-24,이연
2023-09-24,제로베이스원
2023-09-24,이채연
2023-09-24,손디아
2023-09-24,에일리
2023-09-24,노을
2023-09-24,백예린
2023-09-24,샘 스미스
2023-09-24,허용별
2023-09-24,댄 앤 셰이
2023-09-24,에드 시런
2023-09-24,정은지
2023-09-24,서인국
2023-09-24,데이먼스 이어
2023-09-24,엔믹스
2023-09-24,마크툽
2023-09-24,헤이즈
2023-09-24,김승민
2023-09-24,엠씨더맥스
2023-09-24,유우리
2023-09-24,비오
2023-09-24,태연
2023-10-01,악뮤
2023-10-01,엔시티 127
2023-10-01,다이나믹 듀오
2023-10-01,이영지
2023-10-01,정국
2023-10-01,뉴진스
2023-10-01,전소미
2023-10-01,박재정
2023-10-01,화사
2023-10-01,우디
2023-10-01,아이브
2023-10-01,스테이씨
2023-10-01,여자 아이들
2023-10-01,라이즈
2023-10-01,르세라핌
2023-10-01,라우브
2023-10-01,에스파
2023-10-01,로이킴
2023-10-01,윤하
2023-10-01,폴 블랑코
2023-10-01,서동현
2023-10-01,성시경
2023-10-01,임영웅
2023-10-01,있지
2023-10-01,잔나비
2023-10-01,디케이
2023-10-01,탑현
2023-10-01,멜로망스
2023-10-01,찰리 푸스
2023-10-01,하이키
2023-10-01,뷔
2023-10-01,세븐틴
2023-10-01,김민석
2023-10-01,지수
2023-10-01,엔시티 유
2023-10-01,임한별
2023-10-01,디오
2023-10-01,허각
2023-10-01,더 키드 라로이
2023-10-01,저스틴 비버
2023-10-01,경서예지
2023-10-01,전건호
2023-10-01,크러쉬
2023-10-01,이세계 아이돌
2023-10-01,#안녕
2023-10-01,부석순
2023-10-01,제니
2023-10-01,케이시
2023-10-01,우효
2023-10-01,영탁
2023-10-01,지민
2023-10-01,김연지
2023-10-01,엔시티 드림
2023-10-01,방탄소년단
2023-10-01,피프티 피프티
2023-10-01,폴킴
2023-10-01,이무진
2023-10-01,바이브
2023-10-01,제이세라
2023-10-01,지아
2023-10-01,도자 캣
2023-10-01,김호중
2023-10-01,잭 에프론
2023-10-01,젠데이아
2023-10-01,테이
2023-10-01,어거스트 디
2023-10-01,10cm
2023-10-01,릴러말즈
2023-10-01,너드커넥션
2023-10-01,던
2023-10-01,권은비
2023-10-01,오마이걸
2023-10-01,여자 아이들
2023-10-01,경서
2023-10-01,리그 오브 레전드
2023-10-01,이연
2023-10-01,아이유
2023-10-01,디제이 프리미어
2023-10-01,보이넥스트도어
2023-10-01,임재현
2023-10-01,블랙핑크
2023-10-01,백아
2023-10-01,요아소비
2023-10-01,데이식스
2023-10-01,이마세
2023-10-01,최유리
2023-10-01,크리스토퍼
2023-10-01,청하
2023-10-01,제이홉
2023-10-01,제이콜
2023-10-01,도리
2023-10-01,주호
2023-10-01,비투비
2023-10-01,여자 아이들
2023-10-01,지코
2023-10-01,앤 마리
2023-10-01,죠지
2023-10-01,키스 오브 라이프
2023-10-01,WSG워너비
2023-10-01,에일리
2023-10-01,백예린
2023-10-01,손디아
2023-10-01,샘 스미스
2023-10-01,제로베이스원
2023-10-01,이채연
2023-10-01,허용별
2023-10-01,노을
2023-10-01,댄 앤 셰이
2023-10-01,데이먼스 이어
2023-10-01,정은지
2023-10-01,서인국
2023-10-01,에드 시런
2023-10-01,거미
2023-10-01,김승민
2023-10-01,유우리
2023-10-01,엔믹스
2023-10-01,온앤오프
2023-10-01,태연
2023-10-08,임영웅
2023-10-08,악뮤
2023-10-08,제니
2023-10-08,다이나믹 듀오
2023-10-08,이영지
2023-10-08,아이브
2023-10-08,정국
2023-10-08,뉴진스
2023-10-08,엔시티 127
2023-10-08,전소미
2023-10-08,박재정
2023-10-08,화사
2023-10-08,우디
2023-10-08,스테이씨
2023-10-08,라이즈
2023-10-08,여자 아이들
2023-10-08,르세라핌
2023-10-08,라우브
2023-10-08,에스파
2023-10-08,로이킴
2023-10-08,윤하
2023-10-08,성시경
2023-10-08,폴 블랑코
2023-10-08,잔나비
2023-10-08,서동현
2023-10-08,디케이
2023-10-08,탑현
2023-10-08,있지
2023-10-08,멜로망스
2023-10-08,찰리 푸스
2023-10-08,김민석
2023-10-08,하이키
2023-10-08,세븐틴
2023-10-08,경서예지
2023-10-08,전건호
2023-10-08,임한별
2023-10-08,지수
2023-10-08,디오
2023-10-08,더 키드 라로이
2023-10-08,저스틴 비버
2023-10-08,허각
2023-10-08,엔시티 유
2023-10-08,#안녕
2023-10-08,이세계 아이돌
2023-10-08,뷔
2023-10-08,부석순
2023-10-08,케이시
2023-10-08,우효
2023-10-08,크러쉬
2023-10-08,폴킴
2023-10-08,잭 에프론
2023-10-08,젠데이아
2023-10-08,김연지
2023-10-08,방탄소년단
2023-10-08,바이브
2023-10-08,김호중
2023-10-08,엔시티 드림
2023-10-08,도리
2023-10-08,지민
2023-10-08,투모로우바이투게더
2023-10-08,지아
2023-10-08,이연
2023-10-08,도자 캣
2023-10-08,피프티 피프티
2023-10-08,이무진
2023-10-08,제이세라
2023-10-08,디제이 프리미어
2023-10-08,10cm
2023-10-08,리그 오브 레전드
2023-10-08,영탁
2023-10-08,테이
2023-10-08,릴러말즈
2023-10-08,너드커넥션
2023-10-08,어거스트 디
2023-10-08,여자 아이들
2023-10-08,던
2023-10-08,권은비
2023-10-08,아이유
2023-10-08,경서
2023-10-08,쿠기
2023-10-08,백아
2023-10-08,최유리
2023-10-08,이효리
2023-10-08,데이식스
2023-10-08,블랙핑크
2023-10-08,보이넥스트도어
2023-10-08,오마이걸
2023-10-08,요아소비
2023-10-08,비투비
2023-10-08,임재현
2023-10-08,크리스토퍼
2023-10-08,청하
2023-10-08,주호
2023-10-08,이마세
2023-10-08,앤 마리
2023-10-08,샘 스미스
2023-10-08,손디아
2023-10-08,지코
2023-10-08,에일리
2023-10-08,죠지
2023-10-08,WSG워너비
2023-10-08,백예린
2023-10-08,노을
2023-10-08,댄 앤 셰이
2023-10-08,데이먼스 이어
2023-10-08,정은지
2023-10-08,서인국
2023-10-08,제로베이스원
2023-10-08,유우리
2023-10-08,토일
2023-10-08,키드 와인
2023-10-08,여자 아이들
2023-10-08,허용별
2023-10-08,에드 시런
2023-10-08,키스 오브 라이프
2023-10-08,김승민
2023-10-08,마크툽
2023-10-15,악뮤
2023-10-15,임영웅
2023-10-15,아이브
2023-10-15,제니
2023-10-15,다이나믹 듀오
2023-10-15,이영지
2023-10-15,정국
2023-10-15,뉴진스
2023-10-15,박재정
2023-10-15,전소미
2023-10-15,화사
2023-10-15,우디
2023-10-15,라이즈
2023-10-15,스테이씨
2023-10-15,여자 아이들
2023-10-15,르세라핌
2023-10-15,에스파
2023-10-15,라우브
2023-10-15,로이킴
2023-10-15,성시경
2023-10-15,나얼
2023-10-15,윤하
2023-10-15,잔나비
2023-10-15,폴 블랑코
2023-10-15,디케이
2023-10-15,멜로망스
2023-10-15,찰리 푸스
2023-10-15,엔시티 127
2023-10-15,탑현
2023-10-15,서동현
2023-10-15,있지
2023-10-15,김민석
2023-10-15,투모로우바이투게더
2023-10-15,경서예지
2023-10-15,전건호
2023-10-15,디오
2023-10-15,임한별
2023-10-15,세븐틴
2023-10-15,엔시티 유
2023-10-15,하이키
2023-10-15,더 키드 라로이
2023-10-15,저스틴 비버
2023-10-15,허각
2023-10-15,지수
2023-10-15,#안녕
2023-10-15,부석순
2023-10-15,이세계 아이돌
2023-10-15,케이시
2023-10-15,폴킴
2023-10-15,우효
2023-10-15,잭 에프론
2023-10-15,젠데이아
2023-10-15,뷔
2023-10-15,바이브
2023-10-15,방탄소년단
2023-10-15,김연지
2023-10-15,쿠기
2023-10-15,엔시티 드림
2023-10-15,크러쉬
2023-10-15,지아
2023-10-15,지민
2023-10-15,도리
2023-10-15,이연
2023-10-15,도자 캣
2023-10-15,센트럴 씨
2023-10-15,릴러말즈
2023-10-15,여자 아이들
2023-10-15,피프티 피프티
2023-10-15,선미
2023-10-15,디제이 프리미어
2023-10-15,이무진
2023-10-15,10cm
2023-10-15,제이세라
2023-10-15,어거스트 디
2023-10-15,너드커넥션
2023-10-15,테이
2023-10-15,아이유
2023-10-15,영탁
2023-10-15,권은비
2023-10-15,리그 오브 레전드
2023-10-15,최유리
2023-10-15,데이식스
2023-10-15,백아
2023-10-15,플레이브
2023-10-15,던
2023-10-15,경서
2023-10-15,샘 스미스
2023-10-15,블랙핑크
2023-10-15,비투비
2023-10-15,주호
2023-10-15,이효리
2023-10-15,크리스토퍼
2023-10-15,청하
2023-10-15,요아소비
2023-10-15,임재현
2023-10-15,이마세
2023-10-15,보이넥스트도어
2023-10-15,앤 마리
2023-10-15,손디아
2023-10-15,에일리
2023-10-15,오마이걸
2023-10-15,노을
2023-10-15,백예린
2023-10-15,죠지
2023-10-15,지코
2023-10-15,빅마마
2023-10-15,WSG워너비
2023-10-15,유우리
2023-10-15,데이먼스 이어
2023-10-15,마크툽
2023-10-15,댄 앤 셰이
2023-10-15,양다일
2023-10-15,정은지
2023-10-15,서인국
2023-10-15,에드 시런
2023-10-15,로꼬
2023-10-15,태연
2023-10-15,정승환
2023-10-15,김승민
2023-10-22,세븐틴
2023-10-22,악뮤
2023-10-22,아이브
2023-10-22,제니
2023-10-22,다이나믹 듀오
2023-10-22,이영지
2023-10-22,뉴진스
2023-10-22,정국
2023-10-22,임영웅
2023-10-22,박재정
2023-10-22,성시경
2023-10-22,나얼
2023-10-22,전소미
2023-10-22,화사
2023-10-22,우디
2023-10-22,라이즈
2023-10-22,스테이씨
2023-10-22,여자 아이들
2023-10-22,르세라핌
2023-10-22,에스파
2023-10-22,라우브
2023-10-22,로이킴
2023-10-22,윤하
2023-10-22,잔나비
2023-10-22,찰리 푸스
2023-10-22,폴 블랑코
2023-10-22,멜로망스
2023-10-22,디케이
2023-10-22,탑현
2023-10-22,김민석
2023-10-22,부석순
2023-10-22,임한별
2023-10-22,경서예지
2023-10-22,전건호
2023-10-22,디오
2023-10-22,허각
2023-10-22,더 키드 라로이
2023-10-22,저스틴 비버
2023-10-22,서동현
2023-10-22,있지
2023-10-22,하이키
2023-10-22,엔시티 127
2023-10-22,#안녕
2023-10-22,지수
2023-10-22,엔시티 유
2023-10-22,폴킴
2023-10-22,케이시
2023-10-22,방탄소년단
2023-10-22,우효
2023-10-22,지아
2023-10-22,이세계 아이돌
2023-10-22,쿠기
2023-10-22,김연지
2023-10-22,바이브
2023-10-22,뷔
2023-10-22,잭 에프론
2023-10-22,젠데이아
2023-10-22,여자 아이들
2023-10-22,엔시티 드림
2023-10-22,센트럴 씨
2023-10-22,투모로우바이투게더
2023-10-22,릴러말즈
2023-10-22,지민
2023-10-22,도리
2023-10-22,테이
2023-10-22,10cm
2023-10-22,어거스트 디
2023-10-22,제이세라
2023-10-22,도자 캣
2023-10-22,크러쉬
2023-10-22,영탁
2023-10-22,아이유
2023-10-22,너드커넥션
2023-10-22,최유리
2023-10-22,피프티 피프티
2023-10-22,데이식스
2023-10-22,권은비
2023-10-22,선미
2023-10-22,이무진
2023-10-22,백아
2023-10-22,이연
2023-10-22,디제이 프리미어
2023-10-22,샘 스미스
2023-10-22,경서
2023-10-22,리그 오브 레전드
2023-10-22,비투비
2023-10-22,던
2023-10-22,블랙핑크
2023-10-22,크리스토퍼
2023-10-22,청하
2023-10-22,주호
2023-10-22,임재현
2023-10-22,에일리
2023-10-22,앤 마리
2023-10-22,요아소비
2023-10-22,노을
2023-10-22,이마세
2023-10-22,손디아
2023-10-22,빅마마
2023-10-22,WSG워너비
2023-10-22,지코
2023-10-22,죠지
2023-10-22,유우리
2023-10-22,백예린
2023-10-22,보이넥스트도어
2023-10-22,댄 앤 셰이
2023-10-22,포지션
2023-10-22,마크툽
2023-10-22,정승환
2023-10-22,에드 시런
2023-10-22,데이먼스 이어
2023-10-22,김필
2023-10-22,엠씨더맥스
2023-10-22,오마이걸
2023-10-29,아이브
2023-10-29,악뮤
2023-10-29,임영웅
2023-10-29,제니
2023-10-29,다이나믹 듀오
2023-10-29,이영지
2023-10-29,정국
2023-10-29,박재정
2023-10-29,뉴진스
2023-10-29,세븐틴
2023-10-29,태민
2023-10-29,전소미
2023-10-29,라이즈
2023-10-29,우디
2023-10-29,성시경
2023-10-29,나얼
2023-10-29,화사
2023-10-29,김호중
2023-10-29,스테이씨
2023-10-29,여자 아이들
2023-10-29,르세라핌
2023-10-29,에스파
2023-10-29,로이킴
2023-10-29,라우브
2023-10-29,윤하
2023-10-29,잔나비
2023-10-29,찰리 푸스
2023-10-29,폴 블랑코
2023-10-29,멜로망스
2023-10-29,디케이
2023-10-29,릴러말즈
2023-10-29,김민석
2023-10-29,탑현
2023-10-29,임한별
2023-10-29,부석순
2023-10-29,경서예지
2023-10-29,전건호
2023-10-29,허각
2023-10-29,디오
2023-10-29,더 키드 라로이
2023-10-29,저스틴 비버
2023-10-29,하이키
2023-10-29,#안녕
2023-10-29,서동현
2023-10-29,황영웅
2023-10-29,지수
2023-10-29,있지
2023-10-29,엔시티 127
2023-10-29,엔시티 유
2023-10-29,범진
2023-10-29,폴킴
2023-10-29,케이시
2023-10-29,지아
2023-10-29,방탄소년단
2023-10-29,지민
2023-10-29,뷔
2023-10-29,쿠기
2023-10-29,김연지
2023-10-29,이세계 아이돌
2023-10-29,바이브
2023-10-29,여자 아이들
2023-10-29,우효
2023-10-29,최유리
2023-10-29,잭 에프론
2023-10-29,젠데이아
2023-10-29,영탁
2023-10-29,엔시티 드림
2023-10-29,어거스트 디
2023-10-29,너드커넥션
2023-10-29,테이
2023-10-29,데이식스
2023-10-29,10cm
2023-10-29,도자 캣
2023-10-29,아이유
2023-10-29,센트럴 씨
2023-10-29,에픽하이
2023-10-29,투모로우바이투게더
2023-10-29,권은비
2023-10-29,도리
2023-10-29,백아
2023-10-29,기리보이
2023-10-29,샘 스미스
2023-10-29,피프티 피프티
2023-10-29,경서
2023-10-29,이무진
2023-10-29,제이세라
2023-10-29,비투비
2023-10-29,이연
2023-10-29,리그 오브 레전드
2023-10-29,크리스토퍼
2023-10-29,청하
2023-10-29,디제이 프리미어
2023-10-29,크러쉬
2023-10-29,주호
2023-10-29,던
2023-10-29,블랙핑크
2023-10-29,에일리
2023-10-29,엠씨더맥스
2023-10-29,앤 마리
2023-10-29,키스 오브 라이프
2023-10-29,임재현
2023-10-29,이마세
2023-10-29,요아소비
2023-10-29,손디아
2023-10-29,선미
2023-10-29,박은빈
2023-10-29,노을
2023-10-29,유우리
2023-10-29,백예린
2023-10-29,WSG워너비
2023-11-05,아이브
2023-11-05,악뮤
2023-11-05,임영웅
2023-11-05,제니
2023-11-05,정국
2023-11-05,박재정
2023-11-05,다이나믹 듀오
2023-11-05,이영지
2023-11-05,뉴진스
2023-11-05,르세라핌
2023-11-05,우디
2023-11-05,전소미
2023-11-05,세븐틴
2023-11-05,라이즈
2023-11-05,성시경
2023-11-05,나얼
2023-11-05,화사
2023-11-05,여자 아이들
2023-11-05,스테이씨
2023-11-05,범진
2023-11-05,에스파
2023-11-05,로이킴
2023-11-05,윤하
2023-11-05,라우브
2023-11-05,스트레이 키즈
2023-11-05,잔나비
2023-11-05,찰리 푸스
2023-11-05,디케이
2023-11-05,멜로망스
2023-11-05,폴 블랑코
2023-11-05,임한별
2023-11-05,김호중
2023-11-05,김민석
2023-11-05,허각
2023-11-05,릴러말즈
2023-11-05,탑현
2023-11-05,디오
2023-11-05,경서예지
2023-11-05,전건호
2023-11-05,더 키드 라로이
2023-11-05,저스틴 비버
2023-11-05,부석순
2023-11-05,하이키
2023-11-05,#안녕
2023-11-05,황영웅
2023-11-05,최유리
2023-11-05,너드커넥션
2023-11-05,지수
2023-11-05,폴킴
2023-11-05,서동현
2023-11-05,있지
2023-11-05,방탄소년단
2023-11-05,지아
2023-11-05,영탁
2023-11-05,케이시
2023-11-05,엔시티 유
2023-11-05,여자 아이들
2023-11-05,엔시티 127
2023-11-05,제로베이스원
2023-11-05,이세계 아이돌
2023-11-05,김연지
2023-11-05,바이브
2023-11-05,우효
2023-11-05,쿠기
2023-11-05,지민
2023-11-05,잭 에프론
2023-11-05,젠데이아
2023-11-05,박은빈
2023-11-05,데이식스
2023-11-05,테이
2023-11-05,아이유
2023-11-05,샘 스미스
2023-11-05,엔시티 드림
2023-11-05,10cm
2023-11-05,뷔
2023-11-05,백아
2023-11-05,에픽하이
2023-11-05,도자 캣
2023-11-05,권은비
2023-11-05,비투비
2023-11-05,포레스텔라
2023-11-05,경서
2023-11-05,피프티 피프티
2023-11-05,정승환
2023-11-05,도리
2023-11-05,엠씨더맥스
2023-11-05,리그 오브 레전드
2023-11-05,제이세라
2023-11-05,주호
2023-11-05,에일리
2023-11-05,이연
2023-11-05,아리아나 그란데
2023-11-05,시아
2023-11-05,이무진
2023-11-05,앤 마리
2023-11-05,크리스토퍼
2023-11-05,청하
2023-11-05,키스 오브 라이프
2023-11-05,블랙핑크
2023-11-05,엑소
2023-11-05,던
2023-11-05,노을
2023-11-05,투모로우바이투게더
2023-11-05,어거스트 디
2023-11-05,주주 시크릿
2023-11-05,이마세
2023-11-05,손디아
2023-11-05,디제이 프리미어
2023-11-05,임재현
2023-11-05,백예린
2023-11-05,데이먼스 이어
2023-11-05,유우리
2023-11-05,마크툽
2023-11-05,크러쉬
2023-11-05,센트럴 씨
2023-11-05,WSG워너비
2023-11-05,김필
2023-11-12,아이브
2023-11-12,르세라핌
2023-11-12,악뮤
2023-11-12,에스파
2023-11-12,스트레이 키즈
2023-11-12,제니
2023-11-12,박재정
2023-11-12,정국
2023-11-12,레드벨벳
2023-11-12,다이나믹 듀오
2023-11-12,이영지
2023-11-12,뉴진스
2023-11-12,우디
2023-11-12,라이즈
2023-11-12,전소미
2023-11-12,성시경
2023-11-12,나얼
2023-11-12,세븐틴
2023-11-12,여자 아이들
2023-11-12,화사
2023-11-12,범진
2023-11-12,스테이씨
2023-11-12,임영웅
2023-11-12,로이킴
2023-11-12,윤하
2023-11-12,라우브
2023-11-12,잔나비
2023-11-12,너드커넥션
2023-11-12,찰리 푸스
2023-11-12,디케이
2023-11-12,멜로망스
2023-11-12,허각
2023-11-12,김민석
2023-11-12,임한별
2023-11-12,탑현
2023-11-12,디오
2023-11-12,경서예지
2023-11-12,전건호
2023-11-12,릴러말즈
2023-11-12,폴 블랑코
2023-11-12,최유리
2023-11-12,더 키드 라로이
2023-11-12,저스틴 비버
2023-11-12,하이키
2023-11-12,#안녕
2023-11-12,부석순
2023-11-12,다비치
2023-11-12,엑소
2023-11-12,폴킴
2023-11-12,지수
2023-11-12,지아
2023-11-12,방탄소년단
2023-11-12,케이시
2023-11-12,서동현
2023-11-12,있지
2023-11-12,아리아나 그란데
2023-11-12,크러쉬
2023-11-12,여자 아이들
2023-11-12,시아
2023-11-12,이세계 아이돌
2023-11-12,머라이어 캐리
2023-11-12,데이식스
2023-11-12,엔시티 유
2023-11-12,김연지
2023-11-12,엔시티 127
2023-11-12,박은빈
2023-11-12,엔시티 드림
2023-11-12,테이
2023-11-12,잭 에프론
2023-11-12,젠데이아
2023-11-12,샘 스미스
2023-11-12,황영웅
2023-11-12,쿠기
2023-11-12,아이유
2023-11-12,영탁
2023-11-12,우효
2023-11-12,10cm
2023-11-12,바이브
2023-11-12,제로베이스원
2023-11-12,리그 오브 레전드
2023-11-12,에일리
2023-11-12,백아
2023-11-12,비투비
2023-11-12,김나영
2023-11-12,경서
2023-11-12,엠씨더맥스
2023-11-12,권은비
2023-11-12,피프티 피프티
2023-11-12,엔하이픈
2023-11-12,주호
2023-11-12,도자 캣
2023-11-12,이무진
2023-11-12,앤 마리
2023-11-12,크리스토퍼
2023-11-12,청하
2023-11-12,제이세라
2023-11-12,도리
2023-11-12,노을
2023-11-12,블랙핑크
2023-11-12,이찬원
2023-11-12,켈리 클락슨
2023-11-12,키스 오브 라이프
2023-11-12,던
2023-11-12,손디아
2023-11-12,이마세
2023-11-12,이연
2023-11-12,박효신
2023-11-12,이석훈
2023-11-12,서인국
2023-11-12,빅스
2023-11-12,임재현
2023-11-12,마크툽
2023-11-12,알레시아 카라
2023-11-12,유우리
2023-11-12,김필
2023-11-12,포지션
2023-11-12,딘
2023-11-12,백예린
2023-11-12,데이먼스 이어
2023-11-12,토일
2023-11-12,키드 와인
2023-11-12,정승환
2023-11-12,에픽하이
2023-11-12,큐더블유이알
2023-11-19,르세라핌
2023-11-19,에스파
2023-11-19,아이브
2023-11-19,악뮤
2023-11-19,제니
2023-11-19,박재정
2023-11-19,정국
2023-11-19,딘
2023-11-19,뉴진스
2023-11-19,더보이즈
2023-11-19,다이나믹 듀오
2023-11-19,이영지
2023-11-19,레드벨벳
2023-11-19,우디
2023-11-19,범진
2023-11-19,라이즈
2023-11-19,전소미
2023-11-19,너드커넥션
2023-11-19,세븐틴
2023-11-19,여자 아이들
2023-11-19,성시경
2023-11-19,나얼
2023-11-19,임영웅
2023-11-19,화사
2023-11-19,스테이씨
2023-11-19,윤하
2023-11-19,엑소
2023-11-19,디오
2023-11-19,로이킴
2023-11-19,리그 오브 레전드
2023-11-19,잔나비
2023-11-19,라우브
2023-11-19,멜로망스
2023-11-19,김민석
2023-11-19,찰리 푸스
2023-11-19,임한별
2023-11-19,디케이
2023-11-19,허각
2023-11-19,다비치
2023-11-19,경서예지
2023-11-19,전건호
2023-11-19,탑현
2023-11-19,폴 블랑코
2023-11-19,아리아나 그란데
2023-11-19,최유리
2023-11-19,더 키드 라로이
2023-11-19,저스틴 비버
2023-11-19,릴러말즈
2023-11-19,하이키
2023-11-19,#안녕
2023-11-19,머라이어 캐리
2023-11-19,부석순
2023-11-19,폴킴
2023-11-19,시아
2023-11-19,스트레이 키즈
2023-11-19,여자 아이들
2023-11-19,지아
2023-11-19,지수
2023-11-19,서동현
2023-11-19,방탄소년단
2023-11-19,케이시
2023-11-19,크러쉬
2023-11-19,있지
2023-11-19,데이식스
2023-11-19,이세계 아이돌
2023-11-19,영탁
2023-11-19,엔시티 드림
2023-11-19,테이
2023-11-19,박은빈
2023-11-19,엔시티 유
2023-11-19,켈리 클락슨
2023-11-19,잭 에프론
2023-11-19,젠데이아
2023-11-19,샘 스미스
2023-11-19,엔하이픈
2023-11-19,아이유
2023-11-19,엔시티 127
2023-11-19,10cm
2023-11-19,박효신
2023-11-19,이석훈
2023-11-19,서인국
2023-11-19,빅스
2023-11-19,에일리
2023-11-19,이무진
2023-11-19,김연지
2023-11-19,윈터
2023-11-19,쿠기
2023-11-19,알레시아 카라
2023-11-19,우효
2023-11-19,큐더블유이알
2023-11-19,비투비
2023-11-19,백아
2023-11-19,경서
2023-11-19,바이브
2023-11-19,엠씨더맥스
2023-11-19,피프티 피프티
2023-11-19,주호
2023-11-19,앤 마리
2023-11-19,권은비
2023-11-19,크리스토퍼
2023-11-19,청하
2023-11-19,블랙핑크
2023-11-19,노을
2023-11-19,손디아
2023-11-19,제이세라
2023-11-19,도자 캣
2023-11-19,던
2023-11-19,포지션
2023-11-19,마크툽
2023-11-19,도리
2023-11-19,김필
2023-11-19,유우리
2023-11-19,키스 오브 라이프
2023-11-19,정승환
2023-11-19,백예린
2023-11-19,에드 시런
2023-11-19,임재현
2023-11-19,김호중
2023-11-19,이마세
2023-11-19,지민
2023-11-19,제로베이스원
2023-11-19,WSG워너비
2023-11-19,데이먼스 이어
2023-11-19,SG워너비
2023-11-19,브라운 아이드 걸스
2023-11-26,르세라핌
2023-11-26,에스파
2023-11-26,태연
2023-11-26,아이브
2023-11-26,악뮤
2023-11-26,박재정
2023-11-26,제니
2023-11-26,정국
2023-11-26,뉴진스
2023-11-26,범진
2023-11-26,레드벨벳
2023-11-26,다이나믹 듀오
2023-11-26,이영지
2023-11-26,너드커넥션
2023-11-26,우디
2023-11-26,엑소
2023-11-26,라이즈
2023-11-26,딘
2023-11-26,여자 아이들
2023-11-26,성시경
2023-11-26,디오
2023-11-26,전소미
2023-11-26,임영웅
2023-11-26,리그 오브 레전드
2023-11-26,에이티즈
2023-11-26,세븐틴
2023-11-26,나얼
2023-11-26,아리아나 그란데
2023-11-26,윤하
2023-11-26,로이킴
2023-11-26,화사
2023-11-26,머라이어 캐리
2023-11-26,스테이씨
2023-11-26,잔나비
2023-11-26,라우브
2023-11-26,시아
2023-11-26,임한별
2023-11-26,김민석
2023-11-26,찰리 푸스
2023-11-26,멜로망스
2023-11-26,디케이
2023-11-26,허각
2023-11-26,경서예지
2023-11-26,전건호
2023-11-26,탑현
2023-11-26,더 키드 라로이
2023-11-26,저스틴 비버
2023-11-26,폴 블랑코
2023-11-26,#안녕
2023-11-26,폴킴
2023-11-26,다비치
2023-11-26,최유리
2023-11-26,하이키
2023-11-26,서동현
2023-11-26,릴러말즈
2023-11-26,크러쉬
2023-11-26,부석순
2023-11-26,지아
2023-11-26,지수
2023-11-26,여자 아이들
2023-11-26,방탄소년단
2023-11-26,박효신
2023-11-26,이석훈
2023-11-26,서인국
2023-11-26,빅스
2023-11-26,케이시
2023-11-26,켈리 클락슨
2023-11-26,큐더블유이알
2023-11-26,아이유
2023-11-26,비오
2023-11-26,데이식스
2023-11-26,알레시아 카라
2023-11-26,이무진
2023-11-26,있지
2023-11-26,엔시티 드림
2023-11-26,에일리
2023-11-26,테이
2023-11-26,잭 에프론
2023-11-26,젠데이아
2023-11-26,베이비몬스터
2023-11-26,박은빈
2023-11-26,샘 스미스
2023-11-26,10cm
2023-11-26,영탁
2023-11-26,김호중
2023-11-26,엔시티 유
2023-11-26,이세계 아이돌
2023-11-26,SG워너비
2023-11-26,브라운 아이드 걸스
2023-11-26,백아
2023-11-26,에이바 맥스
2023-11-26,엔시티 127
2023-11-26,비투비
2023-11-26,쿠기
2023-11-26,스트레이트 노 체이서
2023-11-26,경서
2023-11-26,우효
2023-11-26,주호
2023-11-26,김연지
2023-11-26,엠씨더맥스
2023-11-26,피프티 피프티
2023-11-26,황영웅
2023-11-26,앤 마리
2023-11-26,왬
2023-11-26,바이브
2023-11-26,노을
2023-11-26,블랙핑크
2023-11-26,권은비
2023-11-26,스트레이 키즈
2023-11-26,크리스토퍼
2023-11-26,청하
2023-11-26,손디아
2023-11-26,김필
2023-11-26,던
2023-11-26,마크툽
2023-11-26,제이세라
2023-11-26,김동률
2023-11-26,백예린
2023-11-26,정승환
2023-11-26,포지션
2023-11-26,유우리
2023-11-26,데이먼스 이어
2023-11-26,이마세
2023-12-03,르세라핌
2023-12-03,에스파
2023-12-03,태연
2023-12-03,아이브
2023-12-03,박재정
2023-12-03,악뮤
2023-12-03,범진
2023-12-03,정국
2023-12-03,제니
2023-12-03,엑소
2023-12-03,뉴진스
2023-12-03,너드커넥션
2023-12-03,다이나믹 듀오
2023-12-03,이영지
2023-12-03,레드벨벳
2023-12-03,우디
2023-12-03,라이즈
2023-12-03,아리아나 그란데
2023-12-03,디오
2023-12-03,여자 아이들
2023-12-03,머라이어 캐리
2023-12-03,성시경
2023-12-03,전소미
2023-12-03,리그 오브 레전드
2023-12-03,임영웅
2023-12-03,윤하
2023-12-03,세븐틴
2023-12-03,로이킴
2023-12-03,시아
2023-12-03,나얼
2023-12-03,딘
2023-12-03,큐더블유이알
2023-12-03,잔나비
2023-12-03,스테이씨
2023-12-03,화사
2023-12-03,라우브
2023-12-03,임한별
2023-12-03,찰리 푸스
2023-12-03,멜로망스
2023-12-03,디케이
2023-12-03,김민석
2023-12-03,임재현
2023-12-03,허각
2023-12-03,경서예지
2023-12-03,전건호
2023-12-03,탑현
2023-12-03,박효신
2023-12-03,이석훈
2023-12-03,서인국
2023-12-03,빅스
2023-12-03,폴킴
2023-12-03,아이유
2023-12-03,더 키드 라로이
2023-12-03,저스틴 비버
2023-12-03,최유리
2023-12-03,황영웅
2023-12-03,하이키
2023-12-03,폴 블랑코
2023-12-03,김호중
2023-12-03,#안녕
2023-12-03,부석순
2023-12-03,비오
2023-12-03,에이티즈
2023-12-03,다비치
2023-12-03,릴러말즈
2023-12-03,지아
2023-12-03,켈리 클락슨
2023-12-03,서동현
2023-12-03,지수
2023-12-03,방탄소년단
2023-12-03,알레시아 카라
2023-12-03,헤이즈
2023-12-03,여자 아이들
2023-12-03,케이시
2023-12-03,크러쉬
2023-12-03,데이식스
2023-12-03,이무진
2023-12-03,엔시티 드림
2023-12-03,SG워너비
2023-12-03,브라운 아이드 걸스
2023-12-03,에이바 맥스
2023-12-03,에일리
2023-12-03,테이
2023-12-03,스트레이트 노 체이서
2023-12-03,잭 에프론
2023-12-03,젠데이아
2023-12-03,박은빈
2023-12-03,원탑
2023-12-03,10cm
2023-12-03,샘 스미스
2023-12-03,있지
2023-12-03,왬
2023-12-03,영탁
2023-12-03,백아
2023-12-03,엔시티 유
2023-12-03,엔믹스
2023-12-03,베이비몬스터
2023-12-03,경서
2023-12-03,비투비
2023-12-03,주호
2023-12-03,피프티 피프티
2023-12-03,앤 마리
2023-12-03,쿠기
2023-12-03,엠씨더맥스
2023-12-03,권진아
2023-12-03,엔시티 127
2023-12-03,손디아
2023-12-03,자이언티
2023-12-03,블랙핑크
2023-12-03,비비지
2023-12-03,우효
2023-12-03,권은비
2023-12-03,마이클 부블레
2023-12-03,김연지
2023-12-03,이세계 아이돌
2023-12-03,노을
2023-12-03,마크툽
2023-12-03,크리스토퍼
2023-12-03,청하
2023-12-03,김필
2023-12-03,이마세
2023-12-03,주주 시크릿
2023-12-03,백예린
2023-12-03,에드 시런
2023-12-10,르세라핌
2023-12-10,에스파
2023-12-10,태연
2023-12-10,엑소
2023-12-10,박재정
2023-12-10,플레이브
2023-12-10,아이브
2023-12-10,범진
2023-12-10,악뮤
2023-12-10,정국
2023-12-10,제니
2023-12-10,너드커넥션
2023-12-10,뉴진스
2023-12-10,아리아나 그란데
2023-12-10,우디
2023-12-10,머라이어 캐리
2023-12-10,다이나믹 듀오
2023-12-10,이영지
2023-12-10,라이즈
2023-12-10,레드벨벳
2023-12-10,디오
2023-12-10,성시경
2023-12-10,여자 아이들
2023-12-10,로이킴
2023-12-10,시아
2023-12-10,임재현
2023-12-10,임영웅
2023-12-10,큐더블유이알
2023-12-10,윤하
2023-12-10,전소미
2023-12-10,리그 오브 레전드
2023-12-10,나얼
2023-12-10,세븐틴
2023-12-10,헤이즈
2023-12-10,잔나비
2023-12-10,박효신
2023-12-10,이석훈
2023-12-10,서인국
2023-12-10,빅스
2023-12-10,라우브
2023-12-10,스테이씨
2023-12-10,디케이
2023-12-10,임한별
2023-12-10,아이유
2023-12-10,멜로망스
2023-12-10,화사
2023-12-10,김민석
2023-12-10,딘
2023-12-10,찰리 푸스
2023-12-10,허각
2023-12-10,경서예지
2023-12-10,전건호
2023-12-10,폴킴
2023-12-10,탑현
2023-12-10,최유리
2023-12-10,#안녕
2023-12-10,더 키드 라로이
2023-12-10,저스틴 비버
2023-12-10,하이키
2023-12-10,부석순
2023-12-10,폴 블랑코
2023-12-10,볼빨간사춘기
2023-12-10,켈리 클락슨
2023-12-10,지아
2023-12-10,비오
2023-12-10,이무진
2023-12-10,방탄소년단
2023-12-10,알레시아 카라
2023-12-10,황영웅
2023-12-10,릴러말즈
2023-12-10,이하이
2023-12-10,지수
2023-12-10,서동현
2023-12-10,다비치
2023-12-10,데이식스
2023-12-10,자이언티
2023-12-10,SG워너비
2023-12-10,브라운 아이드 걸스
2023-12-10,케이시
2023-12-10,에이바 맥스
2023-12-10,영탁
2023-12-10,비비지
2023-12-10,엔시티 드림
2023-12-10,스트레이트 노 체이서
2023-12-10,에일리
2023-12-10,경서
2023-12-10,크러쉬
2023-12-10,순순희
2023-12-10,여자 아이들
2023-12-10,왬
2023-12-10,테이
2023-12-10,잭 에프론
2023-12-10,젠데이아
2023-12-10,10cm
2023-12-10,샘 스미스
2023-12-10,백아
2023-12-10,비투비
2023-12-10,있지
2023-12-10,엔시티 유
2023-12-10,주호
2023-12-10,엔믹스
2023-12-10,마이클 부블레
2023-12-10,엠씨더맥스
2023-12-10,손디아
2023-12-10,피프티 피프티
2023-12-10,베이비몬스터
2023-12-10,앤 마리
2023-12-10,조나스 브라더스
2023-12-10,노을
2023-12-10,블랙핑크
2023-12-10,우효
2023-12-10,원탑
2023-12-10,크리스토퍼
2023-12-10,청하
2023-12-10,마크툽
2023-12-10,김필
2023-12-10,엔시티 127
2023-12-10,권은비
2023-12-10,김연지
2023-12-10,백예린
2023-12-10,이마세
2023-12-10,쿠기
2023-12-10,정승환
2023-12-10,박은빈
2023-12-17,엑소
2023-12-17,르세라핌
2023-12-17,에스파
2023-12-17,태연
2023-12-17,박재정
2023-12-17,아이브
2023-12-17,범진
2023-12-17,아리아나 그란데
2023-12-17,머라이어 캐리
2023-12-17,악뮤
2023-12-17,너드커넥션
2023-12-17,정국
2023-12-17,시아
2023-12-17,뉴진스
2023-12-17,제니
2023-12-17,임재현
2023-12-17,이무진
2023-12-17,아이유
2023-12-17,성시경
2023-12-17,박효신
2023-12-17,이석훈
2023-12-17,서인국
2023-12-17,빅스
2023-12-17,우디
2023-12-17,로이킴
2023-12-17,디오
2023-12-17,라이즈
2023-12-17,여자 아이들
2023-12-17,다이나믹 듀오
2023-12-17,이영지
2023-12-17,임영웅
2023-12-17,레드벨벳
2023-12-17,큐더블유이알
2023-12-17,윤하
2023-12-17,지민
2023-12-17,볼빨간사춘기
2023-12-17,전소미
2023-12-17,켈리 클락슨
2023-12-17,리그 오브 레전드
2023-12-17,나얼
2023-12-17,잔나비
2023-12-17,엔시티 127
2023-12-17,세븐틴
2023-12-17,디케이
2023-12-17,라우브
2023-12-17,임한별
2023-12-17,김민석
2023-12-17,멜로망스
2023-12-17,스테이씨
2023-12-17,플레이브
2023-12-17,찰리 푸스
2023-12-17,알레시아 카라
2023-12-17,허각
2023-12-17,경서예지
2023-12-17,전건호
2023-12-17,화사
2023-12-17,폴킴
2023-12-17,탑현
2023-12-17,헤이즈
2023-12-17,SG워너비
2023-12-17,브라운 아이드 걸스
2023-12-17,#안녕
2023-12-17,애쉬 아일랜드
2023-12-17,부석순
2023-12-17,최유리
2023-12-17,지아
2023-12-17,더 키드 라로이
2023-12-17,저스틴 비버
2023-12-17,딘
2023-12-17,하이키
2023-12-17,폴 블랑코
2023-12-17,에이바 맥스
2023-12-17,비비지
2023-12-17,방탄소년단
2023-12-17,스트레이트 노 체이서
2023-12-17,비오
2023-12-17,순순희
2023-12-17,왬
2023-12-17,김호중
2023-12-17,릴러말즈
2023-12-17,데이식스
2023-12-17,지수
2023-12-17,엔시티 드림
2023-12-17,에일리
2023-12-17,서동현
2023-12-17,다비치
2023-12-17,마이클 부블레
2023-12-17,조나스 브라더스
2023-12-17,케이시
2023-12-17,트와이스
2023-12-17,테이
2023-12-17,이하이
2023-12-17,잭 에프론
2023-12-17,젠데이아
2023-12-17,여자 아이들
2023-12-17,자이언티
2023-12-17,10cm
2023-12-17,비투비
2023-12-17,허용별
2023-12-17,크러쉬
2023-12-17,여동생
2023-12-17,백아
2023-12-17,싱어게인3 49호 가수
2023-12-17,샘 스미스
2023-12-17,정승환
2023-12-17,경서
2023-12-17,주호
2023-12-17,브렌다 리
2023-12-17,손디아
2023-12-17,있지
2023-12-17,존 레전드
2023-12-17,엠씨더맥스
2023-12-17,피프티 피프티
2023-12-17,박종민
2023-12-17,엔시티 유
2023-12-17,거미
2023-12-17,김진표
2023-12-17,앤 마리
2023-12-17,황영웅
2023-12-17,베이비몬스터
2023-12-17,엔믹스
2023-12-17,노을
2023-12-17,마크툽
2023-12-17,김필
2023-12-17,블랙핑크
2023-12-24,엔시티 127
2023-12-24,엑소
2023-12-24,르세라핌
2023-12-24,태연
2023-12-24,에스파
2023-12-24,박재정
2023-12-24,범진
2023-12-24,아이브
2023-12-24,임재현
2023-12-24,악뮤
2023-12-24,너드커넥션
2023-12-24,아리아나 그란데
2023-12-24,정국
2023-12-24,뉴진스
2023-12-24,이무진
2023-12-24,제니
2023-12-24,시아
2023-12-24,머라이어 캐리
2023-12-24,폴킴
2023-12-24,우디
2023-12-24,성시경
2023-12-24,박효신
2023-12-24,이석훈
2023-12-24,서인국
2023-12-24,빅스
2023-12-24,아이유
2023-12-24,로이킴
2023-12-24,라이즈
2023-12-24,여자 아이들
2023-12-24,볼빨간사춘기
2023-12-24,임영웅
2023-12-24,큐더블유이알
2023-12-24,디오
2023-12-24,다이나믹 듀오
2023-12-24,이영지
2023-12-24,윤하
2023-12-24,레드벨벳
2023-12-24,전소미
2023-12-24,나얼
2023-12-24,리그 오브 레전드
2023-12-24,잔나비
2023-12-24,디케이
2023-12-24,세븐틴
2023-12-24,라우브
2023-12-24,켈리 클락슨
2023-12-24,임한별
2023-12-24,김민석
2023-12-24,멜로망스
2023-12-24,스테이씨
2023-12-24,비비지
2023-12-24,찰리 푸스
2023-12-24,경서예지
2023-12-24,전건호
2023-12-24,허각
2023-12-24,#안녕
2023-12-24,탑현
2023-12-24,화사
2023-12-24,알레시아 카라
2023-12-24,SG워너비
2023-12-24,브라운 아이드 걸스
2023-12-24,방탄소년단
2023-12-24,부석순
2023-12-24,순순희
2023-12-24,지아
2023-12-24,데이식스
2023-12-24,최유리
2023-12-24,더 키드 라로이
2023-12-24,저스틴 비버
2023-12-24,하이키
2023-12-24,폴 블랑코
2023-12-24,헤이즈
2023-12-24,김호중
2023-12-24,딘
2023-12-24,애쉬 아일랜드
2023-12-24,에이바 맥스
2023-12-24,플레이브
2023-12-24,스트레이트 노 체이서
2023-12-24,지수
2023-12-24,엔시티 드림
2023-12-24,왬
2023-12-24,에일리
2023-12-24,지민
2023-12-24,손디아
2023-12-24,릴러말즈
2023-12-24,비오
2023-12-24,서동현
2023-12-24,테이
2023-12-24,다비치
2023-12-24,비투비
2023-12-24,케이시
2023-12-24,여자 아이들
2023-12-24,10cm
2023-12-24,잭 에프론
2023-12-24,젠데이아
2023-12-24,허용별
2023-12-24,트와이스
2023-12-24,백아
2023-12-24,마이클 부블레
2023-12-24,경서
2023-12-24,정승환
2023-12-24,샘 스미스
2023-12-24,주호
2023-12-24,엠씨더맥스
2023-12-24,거미
2023-12-24,엔시티 유
2023-12-24,크러쉬
2023-12-24,있지
2023-12-24,피프티 피프티
2023-12-24,이하이
2023-12-24,앤 마리
2023-12-24,여동생
2023-12-24,엔믹스
2023-12-24,자이언티
2023-12-24,조나스 브라더스
2023-12-24,김필
2023-12-24,영탁
2023-12-24,박종민
2023-12-24,블랙핑크
2023-12-24,테일러 스위프트
2023-12-24,노을
2023-12-24,마크툽
2023-12-24,린
2023-12-24,김진표
2023-12-24,정은지
2023-12-31,르세라핌
2023-12-31,태연
2023-12-31,에스파
2023-12-31,엑소
2023-12-31,임재현
2023-12-31,박재정
2023-12-31,범진
2023-12-31,아이브
2023-12-31,너드커넥션
2023-12-31,악뮤
2023-12-31,이무진
2023-12-31,정국
2023-12-31,뉴진스
2023-12-31,제니
2023-12-31,라이즈
2023-12-31,성시경
2023-12-31,우디
2023-12-31,여자 아이들
2023-12-31,큐더블유이알
2023-12-31,로이킴
2023-12-31,임영웅
2023-12-31,윤하
2023-12-31,디오
2023-12-31,볼빨간사춘기
2023-12-31,다이나믹 듀오
2023-12-31,이영지
2023-12-31,전소미
2023-12-31,비비지
2023-12-31,데이식스
2023-12-31,잔나비
2023-12-31,레드벨벳
2023-12-31,폴킴
2023-12-31,라우브
2023-12-31,디케이
2023-12-31,나얼
2023-12-31,멜로망스
2023-12-31,김민석
2023-12-31,스테이씨
2023-12-31,세븐틴
2023-12-31,임한별
2023-12-31,리그 오브 레전드
2023-12-31,찰리 푸스
2023-12-31,경서예지
2023-12-31,전건호
2023-12-31,부석순
2023-12-31,허각
2023-12-31,순순희
2023-12-31,#안녕
2023-12-31,탑현
2023-12-31,시아
2023-12-31,화사
2023-12-31,지아
2023-12-31,방탄소년단
2023-12-31,하이키
2023-12-31,최유리
2023-12-31,더 키드 라로이
2023-12-31,저스틴 비버
2023-12-31,손디아
2023-12-31,폴 블랑코
2023-12-31,박효신
2023-12-31,이석훈
2023-12-31,서인국
2023-12-31,빅스
2023-12-31,아리아나 그란데
2023-12-31,우주소녀
2023-12-31,황영웅
2023-12-31,머라이어 캐리
2023-12-31,엔시티 127
2023-12-31,딘
2023-12-31,지수
2023-12-31,헤이즈
2023-12-31,아이유
2023-12-31,에일리
2023-12-31,영탁
2023-12-31,엔시티 드림
2023-12-31,여자 아이들
2023-12-31,테이
2023-12-31,비투비
2023-12-31,애쉬 아일랜드
2023-12-31,플레이브
2023-12-31,릴러말즈
2023-12-31,케이시
2023-12-31,10cm
2023-12-31,이찬혁
2023-12-31,가호
2023-12-31,서동현
2023-12-31,경서
2023-12-31,백아
2023-12-31,엔시티 유
2023-12-31,비오
2023-12-31,잭 에프론
2023-12-31,젠데이아
2023-12-31,테일러 스위프트
2023-12-31,주호
2023-12-31,샘 스미스
2023-12-31,앤 마리
2023-12-31,피프티 피프티
2023-12-31,지민
2023-12-31,엠씨더맥스
2023-12-31,거미
2023-12-31,김호중
2023-12-31,정승환
2023-12-31,엔믹스
2023-12-31,피타
2023-12-31,있지
2023-12-31,블랙핑크
2023-12-31,다비치
2023-12-31,도리
2023-12-31,2am
2023-12-31,김필
2023-12-31,포지션
2023-12-31,허용별
2023-12-31,노을
2023-12-31,에드 시런
2023-12-31,정은지
2023-12-31,마크툽
2023-12-31,싱어게인3 49호 가수
2023-12-31,크러쉬
2023-12-31,권은비
2023-12-31,츄
2023-12-31,크리스토퍼
2023-12-31,청하
2023-12-31,요아소비
2023-12-31,백예린
2023-12-31,자이언티
2023-12-31,박종민
2024-01-07,르세라핌
2024-01-07,태연
2024-01-07,임재현
2024-01-07,에스파
2024-01-07,박재정
2024-01-07,범진
2024-01-07,엑소
2024-01-07,너드커넥션
2024-01-07,이무진
2024-01-07,아이브
2024-01-07,라이즈
2024-01-07,악뮤
2024-01-07,정국
2024-01-07,제니
2024-01-07,뉴진스
2024-01-07,성시경
2024-01-07,우디
2024-01-07,큐더블유이알
2024-01-07,로이킴
2024-01-07,여자 아이들
2024-01-07,비비지
2024-01-07,임영웅
2024-01-07,윤하
2024-01-07,디오
2024-01-07,볼빨간사춘기
2024-01-07,다이나믹 듀오
2024-01-07,이영지
2024-01-07,데이식스
2024-01-07,전소미
2024-01-07,멜로망스
2024-01-07,디케이
2024-01-07,잔나비
2024-01-07,순순희
2024-01-07,김민석
2024-01-07,라우브
2024-01-07,나얼
2024-01-07,세븐틴
2024-01-07,레드벨벳
2024-01-07,임한별
2024-01-07,스테이씨
2024-01-07,폴킴
2024-01-07,찰리 푸스
2024-01-07,안세하
2024-01-07,경서예지
2024-01-07,전건호
2024-01-07,허각
2024-01-07,부석순
2024-01-07,리그 오브 레전드
2024-01-07,#안녕
2024-01-07,탑현
2024-01-07,지아
2024-01-07,화사
2024-01-07,하이키
2024-01-07,방탄소년단
2024-01-07,더 키드 라로이
2024-01-07,저스틴 비버
2024-01-07,시아
2024-01-07,최유리
2024-01-07,손디아
2024-01-07,황영웅
2024-01-07,폴 블랑코
2024-01-07,있지
2024-01-07,지수
2024-01-07,에일리
2024-01-07,규현
2024-01-07,딘
2024-01-07,아이유
2024-01-07,엔시티 드림
2024-01-07,테이
2024-01-07,홍이삭
2024-01-07,소수빈
2024-01-07,비투비
2024-01-07,헤이즈
2024-01-07,먼데이 키즈
2024-01-07,여자 아이들
2024-01-07,엔시티 127
2024-01-07,테일러 스위프트
2024-01-07,아리아나 그란데
2024-01-07,10cm
2024-01-07,경서
2024-01-07,엔시티 유
2024-01-07,릴러말즈
2024-01-07,플레이브
2024-01-07,박효신
2024-01-07,이석훈
2024-01-07,서인국
2024-01-07,빅스
2024-01-07,서동현
2024-01-07,케이시
2024-01-07,김나영
2024-01-07,백아
2024-01-07,거미
2024-01-07,싱어게인3 49호 가수
2024-01-07,주호
2024-01-07,샘 스미스
2024-01-07,머라이어 캐리
2024-01-07,에스에프나인
2024-01-07,잭 에프론
2024-01-07,젠데이아
2024-01-07,앤 마리
2024-01-07,엠씨더맥스
2024-01-07,키스 오브 라이프
2024-01-07,애쉬 아일랜드
2024-01-07,정승환
2024-01-07,김호중
2024-01-07,에드 시런
2024-01-07,피프티 피프티
2024-01-07,지민
2024-01-07,이지
2024-01-07,포지션
2024-01-07,비오
2024-01-07,츄
2024-01-07,엔믹스
2024-01-07,블랙핑크
2024-01-07,김필
2024-01-07,마크툽
2024-01-07,노을
2024-01-07,린
2024-01-07,정은지
2024-01-07,크리스토퍼
2024-01-07,청하
2024-01-07,황치열
2024-01-07,권은비
2024-01-07,백예린
2024-01-07,다비치
2024-01-14,임재현
2024-01-14,르세라핌
2024-01-14,태연
2024-01-14,에스파
2024-01-14,박재정
2024-01-14,이무진
2024-01-14,너드커넥션
2024-01-14,범진
2024-01-14,라이즈
2024-01-14,아이브
2024-01-14,엑소
2024-01-14,악뮤
2024-01-14,정국
2024-01-14,제니
2024-01-14,뉴진스
2024-01-14,성시경
2024-01-14,우디
2024-01-14,비비지
2024-01-14,큐더블유이알
2024-01-14,로이킴
2024-01-14,여자 아이들
2024-01-14,임영웅
2024-01-14,윤하
2024-01-14,데이식스
2024-01-14,디오
2024-01-14,순순희
2024-01-14,볼빨간사춘기
2024-01-14,디케이
2024-01-14,멜로망스
2024-01-14,잔나비
2024-01-14,다이나믹 듀오
2024-01-14,이영지
2024-01-14,전소미
2024-01-14,안세하
2024-01-14,김민석
2024-01-14,임한별
2024-01-14,라우브
2024-01-14,세븐틴
2024-01-14,폴킴
2024-01-14,나얼
2024-01-14,스테이씨
2024-01-14,찰리 푸스
2024-01-14,레드벨벳
2024-01-14,경서예지
2024-01-14,전건호
2024-01-14,허각
2024-01-14,부석순
2024-01-14,#안녕
2024-01-14,지아
2024-01-14,리그 오브 레전드
2024-01-14,탑현
2024-01-14,하이키
2024-01-14,방탄소년단
2024-01-14,화사
2024-01-14,엔믹스
2024-01-14,장하오
2024-01-14,최유리
2024-01-14,더 키드 라로이
2024-01-14,저스틴 비버
2024-01-14,손디아
2024-01-14,홍이삭
2024-01-14,소수빈
2024-01-14,화곡동 청개구리
2024-01-14,시아
2024-01-14,폴 블랑코
2024-01-14,씨스타19
2024-01-14,에일리
2024-01-14,아이유
2024-01-14,지수
2024-01-14,키스 오브 라이프
2024-01-14,황영웅
2024-01-14,거미
2024-01-14,있지
2024-01-14,테이
2024-01-14,비투비
2024-01-14,엔시티 드림
2024-01-14,딘
2024-01-14,테일러 스위프트
2024-01-14,아리아나 그란데
2024-01-14,여자 아이들
2024-01-14,10cm
2024-01-14,경서
2024-01-14,헤이즈
2024-01-14,샘 스미스
2024-01-14,싱어게인3 49호 가수
2024-01-14,엔시티 유
2024-01-14,백아
2024-01-14,엔시티 127
2024-01-14,서동현
2024-01-14,릴러말즈
2024-01-14,케이시
2024-01-14,앤 마리
2024-01-14,엠씨더맥스
2024-01-14,그루비룸
2024-01-14,주호
2024-01-14,에드 시런
2024-01-14,플레이브
2024-01-14,잭 에프론
2024-01-14,젠데이아
2024-01-14,강민경
2024-01-14,이하이
2024-01-14,김호중
2024-01-14,이지
2024-01-14,지민
2024-01-14,피프티 피프티
2024-01-14,윤도현 밴드
2024-01-14,김필
2024-01-14,포지션
2024-01-14,정승환
2024-01-14,최예나
2024-01-14,블랙핑크
2024-01-14,마크툽
2024-01-14,노을
2024-01-14,정은지
2024-01-14,서인국
2024-01-14,케이씨엠
2024-01-14,백예린
2024-01-14,린
2024-01-14,크리스토퍼
2024-01-14,청하
2024-01-14,권은비
2024-01-14,규현
2024-01-14,이젤
2024-01-21,아이유
2024-01-21,태연
2024-01-21,임재현
2024-01-21,르세라핌
2024-01-21,라이즈
2024-01-21,에스파
2024-01-21,이무진
2024-01-21,너드커넥션
2024-01-21,박재정
2024-01-21,범진
2024-01-21,아이브
2024-01-21,악뮤
2024-01-21,정국
2024-01-21,엑소
2024-01-21,제니
2024-01-21,성시경
2024-01-21,비비지
2024-01-21,뉴진스
2024-01-21,우디
2024-01-21,큐더블유이알
2024-01-21,로이킴
2024-01-21,임영웅
2024-01-21,여자 아이들
2024-01-21,데이식스
2024-01-21,윤하
2024-01-21,디오
2024-01-21,순순희
2024-01-21,볼빨간사춘기
2024-01-21,디케이
2024-01-21,멜로망스
2024-01-21,잔나비
2024-01-21,안세하
2024-01-21,김민석
2024-01-21,세븐틴
2024-01-21,임한별
2024-01-21,다이나믹 듀오
2024-01-21,이영지
2024-01-21,전소미
2024-01-21,폴킴
2024-01-21,화곡동 청개구리
2024-01-21,라우브
2024-01-21,나얼
2024-01-21,찰리 푸스
2024-01-21,스테이씨
2024-01-21,허각
2024-01-21,경서예지
2024-01-21,전건호
2024-01-21,#안녕
2024-01-21,부석순
2024-01-21,지아
2024-01-21,레드벨벳
2024-01-21,탑현
2024-01-21,하이키
2024-01-21,리그 오브 레전드
2024-01-21,엔믹스
2024-01-21,방탄소년단
2024-01-21,화사
2024-01-21,그루비룸
2024-01-21,최유리
2024-01-21,더 키드 라로이
2024-01-21,저스틴 비버
2024-01-21,손디아
2024-01-21,폴 블랑코
2024-01-21,시아
2024-01-21,씨스타19
2024-01-21,키스 오브 라이프
2024-01-21,투어스
2024-01-21,김재환
2024-01-21,에일리
2024-01-21,지수
2024-01-21,소수빈
2024-01-21,홍이삭
2024-01-21,테이
2024-01-21,제이 타조
2024-01-21,비투비
2024-01-21,거미
2024-01-21,있지
2024-01-21,테일러 스위프트
2024-01-21,딘
2024-01-21,엔시티 드림
2024-01-21,10cm
2024-01-21,경서
2024-01-21,우지
2024-01-21,아리아나 그란데
2024-01-21,여자 아이들
2024-01-21,릴러말즈
2024-01-21,백아
2024-01-21,에이비식스
2024-01-21,샘 스미스
2024-01-21,서동현
2024-01-21,앤 마리
2024-01-21,미노이
2024-01-21,케이시
2024-01-21,김호중
2024-01-21,엠씨더맥스
2024-01-21,주호
2024-01-21,엔시티 유
2024-01-21,데이먼스 이어
2024-01-21,이지
2024-01-21,에드 시런
2024-01-21,플레이브
2024-01-21,헤이즈
2024-01-21,싱어게인3 49호 가수
2024-01-21,엔시티 127
2024-01-21,아이엠
2024-01-21,잭 에프론
2024-01-21,젠데이아
2024-01-21,윤도현 밴드
2024-01-21,정은지
2024-01-21,서인국
2024-01-21,김필
2024-01-21,정승환
2024-01-21,백예린
2024-01-21,피프티 피프티
2024-01-21,블랙핑크
2024-01-21,포지션
2024-01-21,규현
2024-01-21,마크툽
2024-01-21,노을
2024-01-21,크리스토퍼
2024-01-21,청하
2024-01-21,지민
2024-01-21,유우리
2024-01-28,아이유
2024-01-28,태연
2024-01-28,임재현
2024-01-28,르세라핌
2024-01-28,라이즈
2024-01-28,이무진
2024-01-28,에스파
2024-01-28,너드커넥션
2024-01-28,박재정
2024-01-28,범진
2024-01-28,여자 아이들
2024-01-28,아이브
2024-01-28,비비지
2024-01-28,정국
2024-01-28,악뮤
2024-01-28,성시경
2024-01-28,제니
2024-01-28,뉴진스
2024-01-28,엑소
2024-01-28,우디
2024-01-28,데이식스
2024-01-28,로이킴
2024-01-28,임영웅
2024-01-28,큐더블유이알
2024-01-28,투어스
2024-01-28,윤하
2024-01-28,볼빨간사춘기
2024-01-28,디케이
2024-01-28,순순희
2024-01-28,멜로망스
2024-01-28,디오
2024-01-28,잔나비
2024-01-28,그루비룸
2024-01-28,김민석
2024-01-28,세븐틴
2024-01-28,임한별
2024-01-28,안세하
2024-01-28,폴킴
2024-01-28,전소미
2024-01-28,다이나믹 듀오
2024-01-28,이영지
2024-01-28,라우브
2024-01-28,화곡동 청개구리
2024-01-28,찰리 푸스
2024-01-28,경서예지
2024-01-28,전건호
2024-01-28,스테이씨
2024-01-28,허각
2024-01-28,나얼
2024-01-28,#안녕
2024-01-28,지아
2024-01-28,부석순
2024-01-28,탑현
2024-01-28,엔믹스
2024-01-28,레드벨벳
2024-01-28,하이키
2024-01-28,리그 오브 레전드
2024-01-28,방탄소년단
2024-01-28,최유리
2024-01-28,화사
2024-01-28,더 키드 라로이
2024-01-28,저스틴 비버
2024-01-28,적재
2024-01-28,손디아
2024-01-28,이예준
2024-01-28,키스 오브 라이프
2024-01-28,제이 타조
2024-01-28,씨스타19
2024-01-28,폴 블랑코
2024-01-28,에일리
2024-01-28,시아
2024-01-28,릴러말즈
2024-01-28,지수
2024-01-28,테이
2024-01-28,비투비
2024-01-28,우지
2024-01-28,엔시티 드림
2024-01-28,테일러 스위프트
2024-01-28,아리아나 그란데
2024-01-28,경서
2024-01-28,10cm
2024-01-28,있지
2024-01-28,거미
2024-01-28,김호중
2024-01-28,딘
2024-01-28,백아
2024-01-28,데이먼스 이어
2024-01-28,앤 마리
2024-01-28,여자 아이들
2024-01-28,샘 스미스
2024-01-28,서동현
2024-01-28,주호
2024-01-28,에드 시런
2024-01-28,엠씨더맥스
2024-01-28,케이시
2024-01-28,이지
2024-01-28,아유무 이마즈
2024-01-28,엔시티 유
2024-01-28,유우리
2024-01-28,플레이브
2024-01-28,크리스토퍼
2024-01-28,청하
2024-01-28,소수빈
2024-01-28,홍이삭
2024-01-28,미노이
2024-01-28,엔시티 127
2024-01-28,백예린
2024-01-28,원슈타인
2024-01-28,잭 에프론
2024-01-28,젠데이아
2024-01-28,김필
2024-01-28,윤도현 밴드
2024-01-28,정승환
2024-01-28,헤이즈
2024-01-28,블랙핑크
2024-01-28,정은지
2024-01-28,서인국
2024-01-28,마크툽
2024-01-28,노을
2024-01-28,피프티 피프티
2024-01-28,2am
2024-01-28,포지션
2024-01-28,규현
2024-01-28,창모
2024-02-04,아이유
2024-02-04,태연
2024-02-04,임재현
2024-02-04,르세라핌
2024-02-04,라이즈
2024-02-04,이무진
2024-02-04,에스파
2024-02-04,너드커넥션
2024-02-04,박재정
2024-02-04,투어스
2024-02-04,여자 아이들
2024-02-04,범진
2024-02-04,아이브
2024-02-04,비비지
2024-02-04,정국
2024-02-04,악뮤
2024-02-04,성시경
2024-02-04,뉴진스
2024-02-04,제니
2024-02-04,데이식스
2024-02-04,우디
2024-02-04,임영웅
2024-02-04,로이킴
2024-02-04,엑소
2024-02-04,윤하
2024-02-04,큐더블유이알
2024-02-04,그루비룸
2024-02-04,디케이
2024-02-04,볼빨간사춘기
2024-02-04,순순희
2024-02-04,잔나비
2024-02-04,멜로망스
2024-02-04,김민석
2024-02-04,디오
2024-02-04,임한별
2024-02-04,폴킴
2024-02-04,안세하
2024-02-04,세븐틴
2024-02-04,화곡동 청개구리
2024-02-04,라우브
2024-02-04,전소미
2024-02-04,찰리 푸스
2024-02-04,다이나믹 듀오
2024-02-04,이영지
2024-02-04,경서예지
2024-02-04,전건호
2024-02-04,스테이씨
2024-02-04,허각
2024-02-04,#안녕
2024-02-04,지아
2024-02-04,하이키
2024-02-04,부석순
2024-02-04,탑현
2024-02-04,엔믹스
2024-02-04,나얼
2024-02-04,레드벨벳
2024-02-04,에일리
2024-02-04,리그 오브 레전드
2024-02-04,방탄소년단
2024-02-04,더 키드 라로이
2024-02-04,저스틴 비버
2024-02-04,최유리
2024-02-04,화사
2024-02-04,적재
2024-02-04,손디아
2024-02-04,제이 타조
2024-02-04,키스 오브 라이프
2024-02-04,폴 블랑코
2024-02-04,아유무 이마즈
2024-02-04,테일러 스위프트
2024-02-04,이예준
2024-02-04,테이
2024-02-04,지수
2024-02-04,벤슨 분
2024-02-04,엔시티 드림
2024-02-04,경서
2024-02-04,씨스타19
2024-02-04,비투비
2024-02-04,10cm
2024-02-04,릴러말즈
2024-02-04,시아
2024-02-04,아리아나 그란데
2024-02-04,데이먼스 이어
2024-02-04,김나영
2024-02-04,신용재
2024-02-04,거미
2024-02-04,백아
2024-02-04,앤 마리
2024-02-04,서동현
2024-02-04,에드 시런
2024-02-04,샘 스미스
2024-02-04,김호중
2024-02-04,딘
2024-02-04,주호
2024-02-04,여자 아이들
2024-02-04,있지
2024-02-04,엠씨더맥스
2024-02-04,유우리
2024-02-04,이지
2024-02-04,케이시
2024-02-04,크리스토퍼
2024-02-04,청하
2024-02-04,김필
2024-02-04,백예린
2024-02-04,잭 에프론
2024-02-04,젠데이아
2024-02-04,정은지
2024-02-04,서인국
2024-02-04,엔시티 유
2024-02-04,윤도현 밴드
2024-02-04,마크툽
2024-02-04,플레이브
2024-02-04,블랙핑크
2024-02-04,정승환
2024-02-04,원슈타인
2024-02-04,포지션
2024-02-04,피프티 피프티
2024-02-04,엔시티 127
2024-02-04,규현
2024-02-04,노을
2024-02-11,아이유
2024-02-11,태연
2024-02-11,투어스
2024-02-11,임재현
2024-02-11,르세라핌
2024-02-11,라이즈
2024-02-11,이무진
2024-02-11,너드커넥션
2024-02-11,에스파
2024-02-11,여자 아이들
2024-02-11,박재정
2024-02-11,범진
2024-02-11,비비지
2024-02-11,아이브
2024-02-11,비비
2024-02-11,정국
2024-02-11,악뮤
2024-02-11,뉴진스
2024-02-11,데이식스
2024-02-11,성시경
2024-02-11,제니
2024-02-11,우디
2024-02-11,그루비룸
2024-02-11,임영웅
2024-02-11,로이킴
2024-02-11,윤하
2024-02-11,큐더블유이알
2024-02-11,디케이
2024-02-11,엑소
2024-02-11,멜로망스
2024-02-11,잔나비
2024-02-11,볼빨간사춘기
2024-02-11,순순희
2024-02-11,화곡동 청개구리
2024-02-11,김민석
2024-02-11,폴킴
2024-02-11,디오
2024-02-11,임한별
2024-02-11,라우브
2024-02-11,찰리 푸스
2024-02-11,세븐틴
2024-02-11,전소미
2024-02-11,경서예지
2024-02-11,전건호
2024-02-11,하이키
2024-02-11,안세하
2024-02-11,스테이씨
2024-02-11,허각
2024-02-11,#안녕
2024-02-11,다이나믹 듀오
2024-02-11,이영지
2024-02-11,지아
2024-02-11,부석순
2024-02-11,엔믹스
2024-02-11,탑현
2024-02-11,나얼
2024-02-11,레드벨벳
2024-02-11,방탄소년단
2024-02-11,최유리
2024-02-11,리그 오브 레전드
2024-02-11,더 키드 라로이
2024-02-11,저스틴 비버
2024-02-11,에일리
2024-02-11,화사
2024-02-11,손디아
2024-02-11,적재
2024-02-11,제이 타조
2024-02-11,테일러 스위프트
2024-02-11,벤슨 분
2024-02-11,아유무 이마즈
2024-02-11,이예준
2024-02-11,폴 블랑코
2024-02-11,키스 오브 라이프
2024-02-11,텐
2024-02-11,경서
2024-02-11,테이
2024-02-11,비투비
2024-02-11,데이먼스 이어
2024-02-11,지수
2024-02-11,엔시티 드림
2024-02-11,10cm
2024-02-11,거미
2024-02-11,김호중
2024-02-11,백아
2024-02-11,앤 마리
2024-02-11,릴러말즈
2024-02-11,에드 시런
2024-02-11,서동현
2024-02-11,씨스타19
2024-02-11,시아
2024-02-11,샘 스미스
2024-02-11,크리스토퍼
2024-02-11,청하
2024-02-11,주호
2024-02-11,유우리
2024-02-11,백예린
2024-02-11,케이시
2024-02-11,아리아나 그란데
2024-02-11,엠씨더맥스
2024-02-11,딘
2024-02-11,정은지
2024-02-11,서인국
2024-02-11,플레이브
2024-02-11,여자 아이들
2024-02-11,산들
2024-02-11,김필
2024-02-11,이지
2024-02-11,엔시티 유
2024-02-11,잭 에프론
2024-02-11,젠데이아
2024-02-11,있지
2024-02-11,블랙핑크
2024-02-11,주시크
2024-02-11,마크툽
2024-02-11,윤도현 밴드
2024-02-11,정승환
2024-02-11,피프티 피프티
2024-02-11,싸이
2024-02-18,비비
2024-02-18,아이유
2024-02-18,투어스
2024-02-18,태연
2024-02-18,임재현
2024-02-18,르세라핌
2024-02-18,라이즈
2024-02-18,너드커넥션
2024-02-18,이무진
2024-02-18,에스파
2024-02-18,박재정
2024-02-18,여자 아이들
2024-02-18,범진
2024-02-18,비비지
2024-02-18,아이브
2024-02-18,정국
2024-02-18,성시경
2024-02-18,악뮤
2024-02-18,데이식스
2024-02-18,뉴진스
2024-02-18,제니
2024-02-18,우디
2024-02-18,로이킴
2024-02-18,그루비룸
2024-02-18,임영웅
2024-02-18,윤하
2024-02-18,디케이
2024-02-18,잔나비
2024-02-18,멜로망스
2024-02-18,큐더블유이알
2024-02-18,화곡동 청개구리
2024-02-18,순순희
2024-02-18,폴킴
2024-02-18,김민석
2024-02-18,볼빨간사춘기
2024-02-18,엑소
2024-02-18,임한별
2024-02-18,라우브
2024-02-18,디오
2024-02-18,찰리 푸스
2024-02-18,세븐틴
2024-02-18,경서예지
2024-02-18,전건호
2024-02-18,전소미
2024-02-18,하이키
2024-02-18,#안녕
2024-02-18,지아
2024-02-18,허각
2024-02-18,안세하
2024-02-18,스테이씨
2024-02-18,부석순
2024-02-18,다이나믹 듀오
2024-02-18,이영지
2024-02-18,탑현
2024-02-18,엔믹스
2024-02-18,나얼
2024-02-18,방탄소년단
2024-02-18,최유리
2024-02-18,이창섭
2024-02-18,레드벨벳
2024-02-18,더 키드 라로이
2024-02-18,저스틴 비버
2024-02-18,이예준
2024-02-18,벤슨 분
2024-02-18,에일리
2024-02-18,테일러 스위프트
2024-02-18,제이 타조
2024-02-18,손디아
2024-02-18,리그 오브 레전드
2024-02-18,아유무 이마즈
2024-02-18,적재
2024-02-18,화사
2024-02-18,폴 블랑코
2024-02-18,경서
2024-02-18,키스 오브 라이프
2024-02-18,비투비
2024-02-18,테이
2024-02-18,박보람
2024-02-18,데이먼스 이어
2024-02-18,플레이브
2024-02-18,10cm
2024-02-18,엔시티 드림
2024-02-18,지수
2024-02-18,김호중
2024-02-18,거미
2024-02-18,백아
2024-02-18,샘 스미스
2024-02-18,앤 마리
2024-02-18,백예린
2024-02-18,에드 시런
2024-02-18,릴러말즈
2024-02-18,양홍원
2024-02-18,헤이즈
2024-02-18,크리스토퍼
2024-02-18,청하
2024-02-18,서동현
2024-02-18,유우리
2024-02-18,시아
2024-02-18,주호
2024-02-18,엠씨더맥스
2024-02-18,정은지
2024-02-18,서인국
2024-02-18,이지
2024-02-18,산들
2024-02-18,케이시
2024-02-18,유겸
2024-02-18,김필
2024-02-18,여자 아이들
2024-02-18,마크툽
2024-02-18,주시크
2024-02-18,씨스타19
2024-02-18,이보람
2024-02-18,트와이스
2024-02-18,블랙핑크
2024-02-18,정승환
2024-02-25,비비
2024-02-25,아이유
2024-02-25,투어스
2024-02-25,르세라핌
2024-02-25,태연
2024-02-25,플레이브
2024-02-25,임재현
2024-02-25,라이즈
2024-02-25,너드커넥션
2024-02-25,이무진
2024-02-25,태용
2024-02-25,여자 아이들
2024-02-25,에스파
2024-02-25,박재정
2024-02-25,범진
2024-02-25,비비지
2024-02-25,아이브
2024-02-25,정국
2024-02-25,데이식스
2024-02-25,악뮤
2024-02-25,성시경
2024-02-25,뉴진스
2024-02-25,이창섭
2024-02-25,우디
2024-02-25,제니
2024-02-25,임영웅
2024-02-25,로이킴
2024-02-25,그루비룸
2024-02-25,윤하
2024-02-25,디케이
2024-02-25,멜로망스
2024-02-25,잔나비
2024-02-25,김민석
2024-02-25,순순희
2024-02-25,볼빨간사춘기
2024-02-25,폴킴
2024-02-25,큐더블유이알
2024-02-25,화곡동 청개구리
2024-02-25,임한별
2024-02-25,세븐틴
2024-02-25,찰리 푸스
2024-02-25,라우브
2024-02-25,디오
2024-02-25,엑소
2024-02-25,경서예지
2024-02-25,전건호
2024-02-25,지아
2024-02-25,하이키
2024-02-25,#안녕
2024-02-25,전소미
2024-02-25,허각
2024-02-25,부석순
2024-02-25,다이나믹 듀오
2024-02-25,이영지
2024-02-25,스테이씨
2024-02-25,방탄소년단
2024-02-25,탑현
2024-02-25,안세하
2024-02-25,엔믹스
2024-02-25,나얼
2024-02-25,최유리
2024-02-25,더 키드 라로이
2024-02-25,저스틴 비버
2024-02-25,벤슨 분
2024-02-25,테일러 스위프트
2024-02-25,레드벨벳
2024-02-25,제이 타조
2024-02-25,손디아
2024-02-25,이예준
2024-02-25,아유무 이마즈
2024-02-25,리그 오브 레전드
2024-02-25,에일리
2024-02-25,트와이스
2024-02-25,크래비티
2024-02-25,폴 블랑코
2024-02-25,화사
2024-02-25,비투비
2024-02-25,경서
2024-02-25,10cm
2024-02-25,데이먼스 이어
2024-02-25,키스 오브 라이프
2024-02-25,테이
2024-02-25,엔시티 드림
2024-02-25,적재
2024-02-25,앤 마리
2024-02-25,지수
2024-02-25,김호중
2024-02-25,백아
2024-02-25,에드 시런
2024-02-25,크리스토퍼
2024-02-25,청하
2024-02-25,나탈리 제인
2024-02-25,서동현
2024-02-25,샘 스미스
2024-02-25,릴러말즈
2024-02-25,정은지
2024-02-25,서인국
2024-02-25,백예린
2024-02-25,거미
2024-02-25,엠씨더맥스
2024-02-25,주호
2024-02-25,유우리
2024-02-25,이지
2024-02-25,김필
2024-02-25,케이시
2024-02-25,마크툽
2024-02-25,산들
2024-02-25,블랙핑크
2024-02-25,주시크
2024-02-25,시아
2024-02-25,승관
2024-02-25,조민규
2024-02-25,페더 엘리아스
2024-02-25,윤도현 밴드
2024-03-03,비비
2024-03-03,투어스
2024-03-03,르세라핌
2024-03-03,아이유
2024-03-03,여자 아이들
2024-03-03,태연
2024-03-03,임재현
2024-03-03,라이즈
2024-03-03,너드커넥션
2024-03-03,이무진
2024-03-03,에스파
2024-03-03,박재정
2024-03-03,범진
2024-03-03,비비지
2024-03-03,아이브
2024-03-03,이창섭
2024-03-03,데이식스
2024-03-03,정국
2024-03-03,성시경
2024-03-03,악뮤
2024-03-03,뉴진스
2024-03-03,우디
2024-03-03,임영웅
2024-03-03,제니
2024-03-03,로이킴
2024-03-03,그루비룸
2024-03-03,윤하
2024-03-03,멜로망스
2024-03-03,디케이
2024-03-03,잔나비
2024-03-03,볼빨간사춘기
2024-03-03,순순희
2024-03-03,김민석
2024-03-03,폴킴
2024-03-03,큐더블유이알
2024-03-03,임한별
2024-03-03,화곡동 청개구리
2024-03-03,지아
2024-03-03,경서예지
2024-03-03,전건호
2024-03-03,찰리 푸스
2024-03-03,디오
2024-03-03,라우브
2024-03-03,세븐틴
2024-03-03,플레이브
2024-03-03,하이키
2024-03-03,#안녕
2024-03-03,엑소
2024-03-03,부석순
2024-03-03,허각
2024-03-03,전소미
2024-03-03,방탄소년단
2024-03-03,다이나믹 듀오
2024-03-03,이영지
2024-03-03,벤슨 분
2024-03-03,스테이씨
2024-03-03,엔믹스
2024-03-03,탑현
2024-03-03,최유리
2024-03-03,맨스 티어
2024-03-03,안세하
2024-03-03,더 키드 라로이
2024-03-03,저스틴 비버
2024-03-03,나얼
2024-03-03,테일러 스위프트
2024-03-03,제이 타조
2024-03-03,손디아
2024-03-03,레드벨벳
2024-03-03,아유무 이마즈
2024-03-03,태용
2024-03-03,에일리
2024-03-03,리그 오브 레전드
2024-03-03,케이시
2024-03-03,10cm
2024-03-03,폴 블랑코
2024-03-03,트와이스
2024-03-03,데이먼스 이어
2024-03-03,이예준
2024-03-03,경서
2024-03-03,비투비
2024-03-03,키스 오브 라이프
2024-03-03,화사
2024-03-03,테이
2024-03-03,엔시티 드림
2024-03-03,앤 마리
2024-03-03,크리스토퍼
2024-03-03,청하
2024-03-03,나탈리 제인
2024-03-03,알라이나 카스틸로
2024-03-03,백아
2024-03-03,김호중
2024-03-03,서동현
2024-03-03,에드 시런
2024-03-03,샘 스미스
2024-03-03,정은지
2024-03-03,서인국
2024-03-03,지수
2024-03-03,릴러말즈
2024-03-03,백예린
2024-03-03,거미
2024-03-03,유우리
2024-03-03,이지
2024-03-03,주호
2024-03-03,정서주
2024-03-03,아리아나 그란데
2024-03-03,마크툽
2024-03-03,엠씨더맥스
2024-03-03,김필
2024-03-03,적재
2024-03-03,장범준
2024-03-03,페더 엘리아스
2024-03-03,산들
2024-03-03,블랙핑크
2024-03-10,비비
2024-03-10,투어스
2024-03-10,여자 아이들
2024-03-10,르세라핌
2024-03-10,아이유
2024-03-10,태연
2024-03-10,임재현
2024-03-10,라이즈
2024-03-10,너드커넥션
2024-03-10,이무진
2024-03-10,박재정
2024-03-10,에스파
2024-03-10,범진
2024-03-10,이창섭
2024-03-10,비비지
2024-03-10,아이브
2024-03-10,데이식스
2024-03-10,정국
2024-03-10,성시경
2024-03-10,악뮤
2024-03-10,뉴진스
2024-03-10,우디
2024-03-10,임영웅
2024-03-10,제니
2024-03-10,로이킴
2024-03-10,멜로망스
2024-03-10,윤하
2024-03-10,플레이브
2024-03-10,그루비룸
2024-03-10,잔나비
2024-03-10,디케이
2024-03-10,볼빨간사춘기
2024-03-10,폴킴
2024-03-10,순순희
2024-03-10,김민석
2024-03-10,임한별
2024-03-10,경서예지
2024-03-10,전건호
2024-03-10,큐더블유이알
2024-03-10,지아
2024-03-10,라우브
2024-03-10,찰리 푸스
2024-03-10,디오
2024-03-10,세븐틴
2024-03-10,화곡동 청개구리
2024-03-10,하이키
2024-03-10,#안녕
2024-03-10,부석순
2024-03-10,방탄소년단
2024-03-10,허각
2024-03-10,전소미
2024-03-10,엑소
2024-03-10,벤슨 분
2024-03-10,하이라이트
2024-03-10,맨스 티어
2024-03-10,다이나믹 듀오
2024-03-10,이영지
2024-03-10,최유리
2024-03-10,스테이씨
2024-03-10,엔믹스
2024-03-10,탑현
2024-03-10,더 키드 라로이
2024-03-10,저스틴 비버
2024-03-10,뷔
2024-03-10,테일러 스위프트
2024-03-10,청하
2024-03-10,웬디
2024-03-10,나얼
2024-03-10,안세하
2024-03-10,손디아
2024-03-10,아유무 이마즈
2024-03-10,제이 타조
2024-03-10,10cm
2024-03-10,레드벨벳
2024-03-10,케이시
2024-03-10,트와이스
2024-03-10,태일
2024-03-10,알라이나 카스틸로
2024-03-10,김호중
2024-03-10,데이먼스 이어
2024-03-10,에일리
2024-03-10,경서
2024-03-10,폴 블랑코
2024-03-10,리그 오브 레전드
2024-03-10,하이포
2024-03-10,키스 오브 라이프
2024-03-10,비투비
2024-03-10,아리아나 그란데
2024-03-10,크리스토퍼
2024-03-10,앤 마리
2024-03-10,백아
2024-03-10,장범준
2024-03-10,테이
2024-03-10,정은지
2024-03-10,서인국
2024-03-10,버스커 버스커
2024-03-10,엔시티 드림
2024-03-10,에드 시런
2024-03-10,로꼬
2024-03-10,유주
2024-03-10,서동현
2024-03-10,백예린
2024-03-10,이예준
2024-03-10,화사
2024-03-10,태용
2024-03-10,릴러말즈
2024-03-10,샘 스미스
2024-03-10,이지
2024-03-10,페더 엘리아스
2024-03-10,지수
2024-03-10,마크툽
2024-03-10,유우리
2024-03-10,스탠딩 에그
2024-03-10,엠씨더맥스
2024-03-10,주호
2024-03-10,나탈리 제인
2024-03-10,거미
2024-03-10,댄 앤 셰이
2024-03-17,여자 아이들
2024-03-17,비비
2024-03-17,투어스
2024-03-17,르세라핌
2024-03-17,아이유
2024-03-17,태연
2024-03-17,임재현
2024-03-17,너드커넥션
2024-03-17,라이즈
2024-03-17,이창섭
2024-03-17,박재정
2024-03-17,이무진
2024-03-17,에스파
2024-03-17,데이식스
2024-03-17,범진
2024-03-17,더보이즈
2024-03-17,비비지
2024-03-17,아이브
2024-03-17,성시경
2024-03-17,정국
2024-03-17,악뮤
2024-03-17,뉴진스
2024-03-17,멜로망스
2024-03-17,임영웅
2024-03-17,우디
2024-03-17,윤하
2024-03-17,로이킴
2024-03-17,잔나비
2024-03-17,제니
2024-03-17,디케이
2024-03-17,그루비룸
2024-03-17,볼빨간사춘기
2024-03-17,폴킴
2024-03-17,김민석
2024-03-17,순순희
2024-03-17,경서예지
2024-03-17,전건호
2024-03-17,임한별
2024-03-17,지아
2024-03-17,찰리 푸스
2024-03-17,라우브
2024-03-17,큐더블유이알
2024-03-17,방탄소년단
2024-03-17,세븐틴
2024-03-17,하이키
2024-03-17,디오
2024-03-17,화곡동 청개구리
2024-03-17,#안녕
2024-03-17,플레이브
2024-03-17,허각
2024-03-17,부석순
2024-03-17,벤슨 분
2024-03-17,엑소
2024-03-17,전소미
2024-03-17,헤이즈
2024-03-17,다이나믹 듀오
2024-03-17,이영지
2024-03-17,더 키드 라로이
2024-03-17,저스틴 비버
2024-03-17,최유리
2024-03-17,맨스 티어
2024-03-17,탑현
2024-03-17,엔믹스
2024-03-17,10cm
2024-03-17,테일러 스위프트
2024-03-17,스테이씨
2024-03-17,하이라이트
2024-03-17,하이포
2024-03-17,김종국
2024-03-17,손디아
2024-03-17,나얼
2024-03-17,아유무 이마즈
2024-03-17,로꼬
2024-03-17,유주
2024-03-17,버스커 버스커
2024-03-17,데이먼스 이어
2024-03-17,제이 타조
2024-03-17,뷔
2024-03-17,안세하
2024-03-17,알라이나 카스틸로
2024-03-17,웬디
2024-03-17,장범준
2024-03-17,레드벨벳
2024-03-17,트와이스
2024-03-17,에일리
2024-03-17,아리아나 그란데
2024-03-17,경서
2024-03-17,폴 블랑코
2024-03-17,크리스토퍼
2024-03-17,청하
2024-03-17,루시
2024-03-17,백예린
2024-03-17,비투비
2024-03-17,정은지
2024-03-17,서인국
2024-03-17,백아
2024-03-17,키스 오브 라이프
2024-03-17,태일
2024-03-17,앤 마리
2024-03-17,리그 오브 레전드
2024-03-17,에드 시런
2024-03-17,테이
2024-03-17,엔시티 드림
2024-03-17,서동현
2024-03-17,크리피 넛츠
2024-03-17,페더 엘리아스
2024-03-17,릴러말즈
2024-03-17,우효
2024-03-17,샘 스미스
2024-03-17,김호중
2024-03-17,케이시
2024-03-17,마크툽
2024-03-17,이지
2024-03-17,스탠딩 에그
2024-03-17,산들
2024-03-17,고요
2024-03-17,유우리
2024-03-24,여자 아이들
2024-03-24,비비
2024-03-24,엔시티 드림
2024-03-24,투어스
2024-03-24,르세라핌
2024-03-24,아이유
2024-03-24,태연
2024-03-24,임재현
2024-03-24,이창섭
2024-03-24,너드커넥션
2024-03-24,데이식스
2024-03-24,라이즈
2024-03-24,박재정
2024-03-24,에스파
2024-03-24,이무진
2024-03-24,범진
2024-03-24,아일릿
2024-03-24,아이브
2024-03-24,비비지
2024-03-24,성시경
2024-03-24,뉴진스
2024-03-24,정국
2024-03-24,악뮤
2024-03-24,우디
2024-03-24,멜로망스
2024-03-24,임영웅
2024-03-24,잔나비
2024-03-24,윤하
2024-03-24,로이킴
2024-03-24,제니
2024-03-24,디케이
2024-03-24,볼빨간사춘기
2024-03-24,폴킴
2024-03-24,그루비룸
2024-03-24,김민석
2024-03-24,순순희
2024-03-24,경서예지
2024-03-24,전건호
2024-03-24,다비치
2024-03-24,임한별
2024-03-24,지아
2024-03-24,방탄소년단
2024-03-24,찰리 푸스
2024-03-24,세븐틴
2024-03-24,라우브
2024-03-24,하이키
2024-03-24,화곡동 청개구리
2024-03-24,#안녕
2024-03-24,디오
2024-03-24,큐더블유이알
2024-03-24,플레이브
2024-03-24,허각
2024-03-24,부석순
2024-03-24,크러쉬
2024-03-24,벤슨 분
2024-03-24,헤이즈
2024-03-24,엑소
2024-03-24,전소미
2024-03-24,더 키드 라로이
2024-03-24,저스틴 비버
2024-03-24,최유리
2024-03-24,하이포
2024-03-24,다이나믹 듀오
2024-03-24,이영지
2024-03-24,버스커 버스커
2024-03-24,하이라이트
2024-03-24,10cm
2024-03-24,맨스 티어
2024-03-24,로꼬
2024-03-24,유주
2024-03-24,탑현
2024-03-24,테일러 스위프트
2024-03-24,엔믹스
2024-03-24,스테이씨
2024-03-24,손디아
2024-03-24,루시
2024-03-24,아유무 이마즈
2024-03-24,나얼
2024-03-24,맥스
2024-03-24,데이먼스 이어
2024-03-24,제이홉
2024-03-24,개코
2024-03-24,윤미래
2024-03-24,장범준
2024-03-24,알라이나 카스틸로
2024-03-24,제이 타조
2024-03-24,경서
2024-03-24,안세하
2024-03-24,에일리
2024-03-24,아리아나 그란데
2024-03-24,폴 블랑코
2024-03-24,비투비
2024-03-24,더보이즈
2024-03-24,키스 오브 라이프
2024-03-24,앤 마리
2024-03-24,크리스토퍼
2024-03-24,청하
2024-03-24,김나영
2024-03-24,백예린
2024-03-24,백아
2024-03-24,에드 시런
2024-03-24,레드벨벳
2024-03-24,정은지
2024-03-24,서인국
2024-03-24,슈퍼주니어 D&E
2024-03-24,웬디
2024-03-24,트와이스
2024-03-24,리그 오브 레전드
2024-03-24,서동현
2024-03-24,테이
2024-03-24,스탠딩 에그
2024-03-24,우효
2024-03-31,여자 아이들
2024-03-31,아일릿
2024-03-31,투어스
2024-03-31,비비
2024-03-31,르세라핌
2024-03-31,아이유
2024-03-31,태연
2024-03-31,이창섭
2024-03-31,임재현
2024-03-31,데이식스
2024-03-31,너드커넥션
2024-03-31,라이즈
2024-03-31,박재정
2024-03-31,에스파
2024-03-31,투모로우바이투게더
2024-03-31,이무진
2024-03-31,범진
2024-03-31,아이브
2024-03-31,비비지
2024-03-31,엔시티 드림
2024-03-31,뉴진스
2024-03-31,성시경
2024-03-31,정국
2024-03-31,악뮤
2024-03-31,멜로망스
2024-03-31,임영웅
2024-03-31,잔나비
2024-03-31,우디
2024-03-31,윤하
2024-03-31,버스커 버스커
2024-03-31,로이킴
2024-03-31,디케이
2024-03-31,제니
2024-03-31,볼빨간사춘기
2024-03-31,폴킴
2024-03-31,순순희
2024-03-31,하이포
2024-03-31,김민석
2024-03-31,그루비룸
2024-03-31,경서예지
2024-03-31,전건호
2024-03-31,방탄소년단
2024-03-31,김호중
2024-03-31,임한별
2024-03-31,세븐틴
2024-03-31,지아
2024-03-31,하이키
2024-03-31,찰리 푸스
2024-03-31,라우브
2024-03-31,크러쉬
2024-03-31,#안녕
2024-03-31,화곡동 청개구리
2024-03-31,디오
2024-03-31,허각
2024-03-31,벤슨 분
2024-03-31,부석순
2024-03-31,다비치
2024-03-31,플레이브
2024-03-31,로꼬
2024-03-31,유주
2024-03-31,큐더블유이알
2024-03-31,루시
2024-03-31,헤이즈
2024-03-31,홍이삭
2024-03-31,더 키드 라로이
2024-03-31,저스틴 비버
2024-03-31,최유리
2024-03-31,경서
2024-03-31,전소미
2024-03-31,베이비몬스터
2024-03-31,장범준
2024-03-31,10cm
2024-03-31,엑소
2024-03-31,하이라이트
2024-03-31,알라이나 카스틸로
2024-03-31,테일러 스위프트
2024-03-31,엔믹스
2024-03-31,맥스
2024-03-31,탑현
2024-03-31,스테이씨
2024-03-31,다이나믹 듀오
2024-03-31,이영지
2024-03-31,맨스 티어
2024-03-31,손디아
2024-03-31,아유무 이마즈
2024-03-31,데이먼스 이어
2024-03-31,키스 오브 라이프
2024-03-31,나얼
2024-03-31,백예린
2024-03-31,폴 블랑코
2024-03-31,김나영
2024-03-31,앤 마리
2024-03-31,레드벨벳
2024-03-31,제이 타조
2024-03-31,에일리
2024-03-31,비투비
2024-03-31,정은지
2024-03-31,서인국
2024-03-31,에드 시런
2024-03-31,케이윌
2024-03-31,크리스토퍼
2024-03-31,청하
2024-03-31,빅뱅
2024-03-31,우효
2024-03-31,백아
2024-03-31,안세하
2024-03-31,서동현
2024-04-07,아일릿
2024-04-07,여자 아이들
2024-04-07,투어스
2024-04-07,비비
2024-04-07,르세라핌
2024-04-07,아이유
2024-04-07,이창섭
2024-04-07,태연
2024-04-07,데이식스
2024-04-07,임재현
2024-04-07,너드커넥션
2024-04-07,라이즈
2024-04-07,박재정
2024-04-07,에스파
2024-04-07,이무진
2024-04-07,범진
2024-04-07,아이브
2024-04-07,비비지
2024-04-07,뉴진스
2024-04-07,큐더블유이알
2024-04-07,성시경
2024-04-07,악뮤
2024-04-07,정국
2024-04-07,버스커 버스커
2024-04-07,멜로망스
2024-04-07,크러쉬
2024-04-07,잔나비
2024-04-07,임영웅
2024-04-07,우디
2024-04-07,하이포
2024-04-07,윤하
2024-04-07,로이킴
2024-04-07,디케이
2024-04-07,투모로우바이투게더
2024-04-07,키스 오브 라이프
2024-04-07,제니
2024-04-07,온앤오프
2024-04-07,폴킴
2024-04-07,순순희
2024-04-07,김민석
2024-04-07,볼빨간사춘기
2024-04-07,방탄소년단
2024-04-07,경서예지
2024-04-07,전건호
2024-04-07,그루비룸
2024-04-07,루시
2024-04-07,로꼬
2024-04-07,유주
2024-04-07,세븐틴
2024-04-07,임한별
2024-04-07,라우브
2024-04-07,지아
2024-04-07,엔시티 드림
2024-04-07,찰리 푸스
2024-04-07,벤슨 분
2024-04-07,#안녕
2024-04-07,허각
2024-04-07,베이비몬스터
2024-04-07,화곡동 청개구리
2024-04-07,부석순
2024-04-07,디오
2024-04-07,하이키
2024-04-07,플레이브
2024-04-07,헤이즈
2024-04-07,김호중
2024-04-07,10cm
2024-04-07,김나영
2024-04-07,노을
2024-04-07,더 키드 라로이
2024-04-07,저스틴 비버
2024-04-07,장범준
2024-04-07,홍이삭
2024-04-07,최유리
2024-04-07,다비치
2024-04-07,전소미
2024-04-07,알라이나 카스틸로
2024-04-07,테일러 스위프트
2024-04-07,엔믹스
2024-04-07,스테이씨
2024-04-07,탑현
2024-04-07,아유무 이마즈
2024-04-07,엑소
2024-04-07,데이먼스 이어
2024-04-07,하이라이트
2024-04-07,맥스
2024-04-07,맨스 티어
2024-04-07,손디아
2024-04-07,다이나믹 듀오
2024-04-07,이영지
2024-04-07,백예린
2024-04-07,경서
2024-04-07,빅뱅
2024-04-07,레드벨벳
2024-04-07,폴 블랑코
2024-04-07,케이윌
2024-04-07,앤 마리
2024-04-07,제이 타조
2024-04-07,에드 시런
2024-04-07,정은지
2024-04-07,서인국
2024-04-07,나얼
2024-04-07,크리스토퍼
2024-04-07,청하
2024-04-07,비투비
2024-04-07,에일리
2024-04-07,서동현
2024-04-07,백아
2024-04-07,릴러말즈
2024-04-07,펀치
2024-04-07,우효
2024-04-14,아일릿
2024-04-14,여자 아이들
2024-04-14,투어스
2024-04-14,비비
2024-04-14,아이유
2024-04-14,이창섭
2024-04-14,르세라핌
2024-04-14,데이식스
2024-04-14,큐더블유이알
2024-04-14,태연
2024-04-14,임재현
2024-04-14,너드커넥션
2024-04-14,크러쉬
2024-04-14,박재정
2024-04-14,라이즈
2024-04-14,베이비몬스터
2024-04-14,에스파
2024-04-14,범진
2024-04-14,이무진
2024-04-14,아이브
2024-04-14,비비지
2024-04-14,뉴진스
2024-04-14,성시경
2024-04-14,정국
2024-04-14,키스 오브 라이프
2024-04-14,악뮤
2024-04-14,멜로망스
2024-04-14,잔나비
2024-04-14,임영웅
2024-04-14,우디
2024-04-14,윤하
2024-04-14,폴킴
2024-04-14,김민석
2024-04-14,투모로우바이투게더
2024-04-14,제니
2024-04-14,로이킴
2024-04-14,순순희
2024-04-14,디케이
2024-04-14,경서예지
2024-04-14,전건호
2024-04-14,하이포
2024-04-14,볼빨간사춘기
2024-04-14,찰리 푸스
2024-04-14,헤이즈
2024-04-14,방탄소년단
2024-04-14,임한별
2024-04-14,라우브
2024-04-14,세븐틴
2024-04-14,지아
2024-04-14,허각
2024-04-14,버스커 버스커
2024-04-14,#안녕
2024-04-14,루시
2024-04-14,벤슨 분
2024-04-14,그루비룸
2024-04-14,부석순
2024-04-14,디오
2024-04-14,화곡동 청개구리
2024-04-14,하이키
2024-04-14,플레이브
2024-04-14,김호중
2024-04-14,로꼬
2024-04-14,유주
2024-04-14,보이넥스트도어
2024-04-14,엔시티 드림
2024-04-14,10cm
2024-04-14,더 키드 라로이
2024-04-14,저스틴 비버
2024-04-14,최유리
2024-04-14,소수빈
2024-04-14,홍이삭
2024-04-14,김나영
2024-04-14,전소미
2024-04-14,엔믹스
2024-04-14,장범준
2024-04-14,테일러 스위프트
2024-04-14,탑현
2024-04-14,데이먼스 이어
2024-04-14,손디아
2024-04-14,스테이씨
2024-04-14,아유무 이마즈
2024-04-14,알라이나 카스틸로
2024-04-14,다비치
2024-04-14,엑소
2024-04-14,다이나믹 듀오
2024-04-14,이영지
2024-04-14,앤 마리
2024-04-14,폴 블랑코
2024-04-14,맨스 티어
2024-04-14,경서
2024-04-14,빅뱅
2024-04-14,에드 시런
2024-04-14,백예린
2024-04-14,노을
2024-04-14,제이 타조
2024-04-14,맥스
2024-04-14,블랙핑크
2024-04-14,크리스토퍼
2024-04-14,청하
2024-04-14,에일리
2024-04-14,비투비
2024-04-14,정은지
2024-04-14,서인국
2024-04-14,나얼
2024-04-14,서동현
2024-04-14,릴러말즈
2024-04-14,하이라이트
2024-04-14,백아
2024-04-14,샘 스미스
2024-04-21,아일릿
2024-04-21,여자 아이들
2024-04-21,투어스
2024-04-21,큐더블유이알
2024-04-21,도영
2024-04-21,비비
2024-04-21,이찬원
2024-04-21,크러쉬
2024-04-21,이창섭
2024-04-21,아이유
2024-04-21,데이식스
2024-04-21,르세라핌
2024-04-21,베이비몬스터
2024-04-21,임재현
2024-04-21,태연
2024-04-21,너드커넥션
2024-04-21,박재정
2024-04-21,지코
2024-04-21,라이즈
2024-04-21,이무진
2024-04-21,에스파
2024-04-21,아이브
2024-04-21,범진
2024-04-21,뉴진스
2024-04-21,비비지
2024-04-21,키스 오브 라이프
2024-04-21,성시경
2024-04-21,정국
2024-04-21,잔나비
2024-04-21,멜로망스
2024-04-21,악뮤
2024-04-21,임영웅
2024-04-21,우디
2024-04-21,윤하
2024-04-21,폴킴
2024-04-21,헤이즈
2024-04-21,김민석
2024-04-21,제니
2024-04-21,순순희
2024-04-21,디케이
2024-04-21,찰리 푸스
2024-04-21,경서예지
2024-04-21,전건호
2024-04-21,로이킴
2024-04-21,투모로우바이투게더
2024-04-21,볼빨간사춘기
2024-04-21,임한별
2024-04-21,라우브
2024-04-21,세븐틴
2024-04-21,방탄소년단
2024-04-21,지아
2024-04-21,#안녕
2024-04-21,허각
2024-04-21,부석순
2024-04-21,보이넥스트도어
2024-04-21,벤슨 분
2024-04-21,하이포
2024-04-21,플레이브
2024-04-21,디오
2024-04-21,하이키
2024-04-21,10cm
2024-04-21,화곡동 청개구리
2024-04-21,루시
2024-04-21,홍이삭
2024-04-21,그루비룸
2024-04-21,더 키드 라로이
2024-04-21,저스틴 비버
2024-04-21,버스커 버스커
2024-04-21,최유리
2024-04-21,테일러 스위프트
2024-04-21,김나영
2024-04-21,소수빈
2024-04-21,엔시티 드림
2024-04-21,로꼬
2024-04-21,유주
2024-04-21,이클립스
2024-04-21,엔믹스
2024-04-21,전소미
2024-04-21,손디아
2024-04-21,탑현
2024-04-21,데이먼스 이어
2024-04-21,스테이씨
2024-04-21,장범준
2024-04-21,여자 아이들
2024-04-21,블랙핑크
2024-04-21,폴 블랑코
2024-04-21,아유무 이마즈
2024-04-21,앤 마리
2024-04-21,도리
2024-04-21,경서
2024-04-21,에드 시런
2024-04-21,다이나믹 듀오
2024-04-21,이영지
2024-04-21,제이 타조
2024-04-21,비투비
2024-04-21,케이시
2024-04-21,에일리
2024-04-21,크리스토퍼
2024-04-21,청하
2024-04-21,정은지
2024-04-21,서인국
2024-04-21,엑소
2024-04-21,알라이나 카스틸로
2024-04-21,맨스 티어
2024-04-21,빅뱅
2024-04-21,다비치
2024-04-21,백예린
2024-04-21,릴러말즈
2024-04-21,서동현
2024-04-21,안세하
2024-04-21,샘 스미스
2024-04-21,나얼
2024-04-21,백아
2024-04-28,세븐틴
2024-04-28,지코
2024-04-28,아일릿
2024-04-28,여자 아이들
2024-04-28,큐더블유이알
2024-04-28,크러쉬
2024-04-28,투어스
2024-04-28,아이브
2024-04-28,비비
2024-04-28,베이비몬스터
2024-04-28,이창섭
2024-04-28,데이식스
2024-04-28,아이유
2024-04-28,임재현
2024-04-28,르세라핌
2024-04-28,태연
2024-04-28,뉴진스
2024-04-28,너드커넥션
2024-04-28,박재정
2024-04-28,이무진
2024-04-28,라이즈
2024-04-28,에스파
2024-04-28,범진
2024-04-28,키스 오브 라이프
2024-04-28,비비지
2024-04-28,성시경
2024-04-28,임영웅
2024-04-28,정국
2024-04-28,도영
2024-04-28,악뮤
2024-04-28,헤이즈
2024-04-28,잔나비
2024-04-28,윤하
2024-04-28,우디
2024-04-28,멜로망스
2024-04-28,폴킴
2024-04-28,부석순
2024-04-28,김민석
2024-04-28,제니
2024-04-28,디케이
2024-04-28,순순희
2024-04-28,경서예지
2024-04-28,전건호
2024-04-28,김수현
2024-04-28,로이킴
2024-04-28,찰리 푸스
2024-04-28,이찬원
2024-04-28,황영웅
2024-04-28,투모로우바이투게더
2024-04-28,방탄소년단
2024-04-28,임한별
2024-04-28,라우브
2024-04-28,볼빨간사춘기
2024-04-28,보이넥스트도어
2024-04-28,지아
2024-04-28,#안녕
2024-04-28,허각
2024-04-28,이클립스
2024-04-28,벤슨 분
2024-04-28,플레이브
2024-04-28,10cm
2024-04-28,홍이삭
2024-04-28,디오
2024-04-28,하이키
2024-04-28,더 키드 라로이
2024-04-28,저스틴 비버
2024-04-28,화곡동 청개구리
2024-04-28,루시
2024-04-28,하이포
2024-04-28,그루비룸
2024-04-28,최유리
2024-04-28,테일러 스위프트
2024-04-28,소수빈
2024-04-28,김나영
2024-04-28,엔믹스
2024-04-28,버스커 버스커
2024-04-28,여자 아이들
2024-04-28,전소미
2024-04-28,스테이씨
2024-04-28,탑현
2024-04-28,이예준
2024-04-28,폴 블랑코
2024-04-28,손디아
2024-04-28,로꼬
2024-04-28,유주
2024-04-28,데이먼스 이어
2024-04-28,엔시티 드림
2024-04-28,비투비
2024-04-28,블랙핑크
2024-04-28,장범준
2024-04-28,앤 마리
2024-04-28,경서
2024-04-28,다이나믹 듀오
2024-04-28,이영지
2024-04-28,알라이나 카스틸로
2024-04-28,에드 시런
2024-04-28,에일리
2024-04-28,크리스토퍼
2024-04-28,청하
2024-04-28,아유무 이마즈
2024-04-28,제이 타조
2024-04-28,정은지
2024-04-28,서인국
2024-04-28,숀 멘데스
2024-05-05,임영웅
2024-05-05,지코
2024-05-05,아일릿
2024-05-05,아이브
2024-05-05,여자 아이들
2024-05-05,크러쉬
2024-05-05,큐더블유이알
2024-05-05,투어스
2024-05-05,베이비몬스터
2024-05-05,비비
2024-05-05,이창섭
2024-05-05,데이식스
2024-05-05,아이유
2024-05-05,세븐틴
2024-05-05,임재현
2024-05-05,이클립스
2024-05-05,태연
2024-05-05,뉴진스
2024-05-05,르세라핌
2024-05-05,이무진
2024-05-05,너드커넥션
2024-05-05,박재정
2024-05-05,에스파
2024-05-05,범진
2024-05-05,라이즈
2024-05-05,키스 오브 라이프
2024-05-05,비비지
2024-05-05,성시경
2024-05-05,정국
2024-05-05,악뮤
2024-05-05,헤이즈
2024-05-05,우디
2024-05-05,윤하
2024-05-05,잔나비
2024-05-05,멜로망스
2024-05-05,부석순
2024-05-05,폴킴
2024-05-05,도영
2024-05-05,김민석
2024-05-05,디케이
2024-05-05,경서예지
2024-05-05,전건호
2024-05-05,순순희
2024-05-05,제니
2024-05-05,로이킴
2024-05-05,알엠
2024-05-05,방탄소년단
2024-05-05,임한별
2024-05-05,찰리 푸스
2024-05-05,라우브
2024-05-05,유회승
2024-05-05,보이넥스트도어
2024-05-05,볼빨간사춘기
2024-05-05,디오
2024-05-05,플레이브
2024-05-05,벤슨 분
2024-05-05,#안녕
2024-05-05,지아
2024-05-05,허각
2024-05-05,투모로우바이투게더
2024-05-05,하이키
2024-05-05,10cm
2024-05-05,더 키드 라로이
2024-05-05,저스틴 비버
2024-05-05,여자 아이들
2024-05-05,김수현
2024-05-05,최유리
2024-05-05,홍이삭
2024-05-05,루시
2024-05-05,김재환
2024-05-05,앤디 그래머
2024-05-05,화곡동 청개구리
2024-05-05,그루비룸
2024-05-05,하이포
2024-05-05,엔플라잉
2024-05-05,엔믹스
2024-05-05,김형중
2024-05-05,테일러 스위프트
2024-05-05,손디아
2024-05-05,탑현
2024-05-05,황영웅
2024-05-05,스테이씨
2024-05-05,데이먼스 이어
2024-05-05,폴 블랑코
2024-05-05,전소미
2024-05-05,비투비
2024-05-05,경서
2024-05-05,에일리
2024-05-05,숀 멘데스
2024-05-05,블랙핑크
2024-05-05,소수빈
2024-05-05,앤 마리
2024-05-05,종호
2024-05-05,에드 시런
2024-05-05,버스커 버스커
2024-05-05,김나영
2024-05-05,다이나믹 듀오
2024-05-05,이영지
2024-05-05,로꼬
2024-05-05,유주
2024-05-05,장범준
2024-05-05,알라이나 카스틸로
2024-05-05,엔시티 드림
2024-05-05,샘 스미스
2024-05-12,지코
2024-05-12,아이브
2024-05-12,아일릿
2024-05-12,임영웅
2024-05-12,큐더블유이알
2024-05-12,여자 아이들
2024-05-12,에스파
2024-05-12,크러쉬
2024-05-12,투어스
2024-05-12,이클립스
2024-05-12,베이비몬스터
2024-05-12,이창섭
2024-05-12,데이식스
2024-05-12,비비
2024-05-12,아이유
2024-05-12,임재현
2024-05-12,이무진
2024-05-12,뉴진스
2024-05-12,태연
2024-05-12,세븐틴
2024-05-12,르세라핌
2024-05-12,너드커넥션
2024-05-12,박재정
2024-05-12,키스 오브 라이프
2024-05-12,범진
2024-05-12,라이즈
2024-05-12,비비지
2024-05-12,성시경
2024-05-12,정국
2024-05-12,우디
2024-05-12,윤하
2024-05-12,유회승
2024-05-12,악뮤
2024-05-12,잔나비
2024-05-12,멜로망스
2024-05-12,폴킴
2024-05-12,헤이즈
2024-05-12,마크
2024-05-12,순순희
2024-05-12,부석순
2024-05-12,김민석
2024-05-12,경서예지
2024-05-12,전건호
2024-05-12,디케이
2024-05-12,제니
2024-05-12,도영
2024-05-12,트리플에스
2024-05-12,로이킴
2024-05-12,제로베이스원
2024-05-12,10cm
2024-05-12,방탄소년단
2024-05-12,임한별
2024-05-12,찰리 푸스
2024-05-12,라우브
2024-05-12,플레이브
2024-05-12,벤슨 분
2024-05-12,보이넥스트도어
2024-05-12,여자 아이들
2024-05-12,#안녕
2024-05-12,지아
2024-05-12,허각
2024-05-12,디오
2024-05-12,볼빨간사춘기
2024-05-12,하이키
2024-05-12,더 키드 라로이
2024-05-12,저스틴 비버
2024-05-12,엔플라잉
2024-05-12,조이
2024-05-12,서동현
2024-05-12,투모로우바이투게더
2024-05-12,최유리
2024-05-12,루시
2024-05-12,앤디 그래머
2024-05-12,엔믹스
2024-05-12,김형중
2024-05-12,화곡동 청개구리
2024-05-12,폴 블랑코
2024-05-12,하이포
2024-05-12,종호
2024-05-12,스테이씨
2024-05-12,테일러 스위프트
2024-05-12,그루비룸
2024-05-12,비투비
2024-05-12,김수현
2024-05-12,데이먼스 이어
2024-05-12,손디아
2024-05-12,숀 멘데스
2024-05-12,앤 마리
2024-05-12,전소미
2024-05-12,탑현
2024-05-12,에드 시런
2024-05-12,경서
2024-05-12,홍이삭
2024-05-12,블랙핑크
2024-05-12,에일리
2024-05-12,정은지
2024-05-12,서인국
2024-05-12,피타
2024-05-12,사브리나 카펜터
2024-05-12,알라이나 카스틸로
2024-05-12,릴러말즈
2024-05-12,장범준
2024-05-12,다이나믹 듀오
2024-05-12,이영지
2024-05-12,크리스토퍼
2024-05-12,청하
2024-05-19,에스파
2024-05-19,지코
2024-05-19,아이브
2024-05-19,아일릿
2024-05-19,큐더블유이알
2024-05-19,이클립스
2024-05-19,여자 아이들
2024-05-19,크러쉬
2024-05-19,투어스
2024-05-19,베이비몬스터
2024-05-19,임영웅
2024-05-19,데이식스
2024-05-19,이창섭
2024-05-19,비비
2024-05-19,아이유
2024-05-19,이무진
2024-05-19,뉴진스
2024-05-19,임재현
2024-05-19,태연
2024-05-19,세븐틴
2024-05-19,너드커넥션
2024-05-19,키스 오브 라이프
2024-05-19,르세라핌
2024-05-19,박재정
2024-05-19,트리플에스
2024-05-19,범진
2024-05-19,유회승
2024-05-19,비비지
2024-05-19,10cm
2024-05-19,라이즈
2024-05-19,성시경
2024-05-19,정국
2024-05-19,윤하
2024-05-19,순순희
2024-05-19,우디
2024-05-19,멜로망스
2024-05-19,악뮤
2024-05-19,잔나비
2024-05-19,폴킴
2024-05-19,김민석
2024-05-19,부석순
2024-05-19,헤이즈
2024-05-19,경서예지
2024-05-19,전건호
2024-05-19,디케이
2024-05-19,제니
2024-05-19,여자 아이들
2024-05-19,로이킴
2024-05-19,임한별
2024-05-19,찰리 푸스
2024-05-19,방탄소년단
2024-05-19,라우브
2024-05-19,디오
2024-05-19,플레이브
2024-05-19,도영
2024-05-19,엔플라잉
2024-05-19,보이넥스트도어
2024-05-19,벤슨 분
2024-05-19,하이키
2024-05-19,#안녕
2024-05-19,지아
2024-05-19,더 키드 라로이
2024-05-19,저스틴 비버
2024-05-19,허각
2024-05-19,볼빨간사춘기
2024-05-19,제로베이스원
2024-05-19,토일
2024-05-19,지스트
2024-05-19,알엠
2024-05-19,최유리
2024-05-19,조이
2024-05-19,서동현
2024-05-19,엔믹스
2024-05-19,앤디 그래머
2024-05-19,종호
2024-05-19,혁오
2024-05-19,투모로우바이투게더
2024-05-19,폴 블랑코
2024-05-19,김형중
2024-05-19,루시
2024-05-19,테일러 스위프트
2024-05-19,알라이나 카스틸로
2024-05-19,화곡동 청개구리
2024-05-19,숀 멘데스
2024-05-19,데이먼스 이어
2024-05-19,빌리 아일리시
2024-05-19,앤 마리
2024-05-19,사브리나 카펜터
2024-05-19,비투비
2024-05-19,손디아
2024-05-19,스테이씨
2024-05-19,마크
2024-05-19,에드 시런
2024-05-19,하성운
2024-05-19,전소미
2024-05-19,블랙핑크
2024-05-19,하이포
2024-05-19,경서
2024-05-19,에일리
2024-05-19,탑현
2024-05-19,그루비룸
2024-05-19,릴러말즈
2024-05-19,정은지
2024-05-19,서인국
2024-05-19,다이나믹 듀오
2024-05-19,이영지
2024-05-26,에스파
2024-05-26,뉴진스
2024-05-26,지코
2024-05-26,이클립스
2024-05-26,아이브
2024-05-26,아일릿
2024-05-26,큐더블유이알
2024-05-26,여자 아이들
2024-05-26,크러쉬
2024-05-26,투어스
2024-05-26,데이식스
2024-05-26,베이비몬스터
2024-05-26,이창섭
2024-05-26,임영웅
2024-05-26,비비
2024-05-26,이무진
2024-05-26,아이유
2024-05-26,임재현
2024-05-26,태연
2024-05-26,트리플에스
2024-05-26,너드커넥션
2024-05-26,세븐틴
2024-05-26,키스 오브 라이프
2024-05-26,10cm
2024-05-26,유회승
2024-05-26,박재정
2024-05-26,르세라핌
2024-05-26,범진
2024-05-26,비비지
2024-05-26,성시경
2024-05-26,정국
2024-05-26,순순희
2024-05-26,라이즈
2024-05-26,윤하
2024-05-26,에이티즈
2024-05-26,멜로망스
2024-05-26,잔나비
2024-05-26,우디
2024-05-26,악뮤
2024-05-26,폴킴
2024-05-26,여자 아이들
2024-05-26,김민석
2024-05-26,경서예지
2024-05-26,전건호
2024-05-26,부석순
2024-05-26,디케이
2024-05-26,제니
2024-05-26,로이킴
2024-05-26,헤이즈
2024-05-26,엔플라잉
2024-05-26,임한별
2024-05-26,찰리 푸스
2024-05-26,방탄소년단
2024-05-26,라우브
2024-05-26,플레이브
2024-05-26,디오
2024-05-26,벤슨 분
2024-05-26,하이키
2024-05-26,#안녕
2024-05-26,더 키드 라로이
2024-05-26,저스틴 비버
2024-05-26,보이넥스트도어
2024-05-26,허각
2024-05-26,지아
2024-05-26,볼빨간사춘기
2024-05-26,혁오
2024-05-26,엔믹스
2024-05-26,도영
2024-05-26,종호
2024-05-26,최유리
2024-05-26,하성운
2024-05-26,앤디 그래머
2024-05-26,테일러 스위프트
2024-05-26,폴 블랑코
2024-05-26,알라이나 카스틸로
2024-05-26,에드 시런
2024-05-26,김형중
2024-05-26,앤 마리
2024-05-26,사브리나 카펜터
2024-05-26,화곡동 청개구리
2024-05-26,트레저
2024-05-26,비투비
2024-05-26,데이먼스 이어
2024-05-26,루시
2024-05-26,손디아
2024-05-26,투모로우바이투게더
2024-05-26,숀 멘데스
2024-05-26,에일리
2024-05-26,경서
2024-05-26,전소미
2024-05-26,블랙핑크
2024-05-26,탑현
2024-05-26,서동현
2024-05-26,토일
2024-05-26,지스트
2024-05-26,조이
2024-05-26,릴러말즈
2024-05-26,스테이씨
2024-05-26,빌리 아일리시
2024-05-26,박재범
2024-06-02,에스파
2024-06-02,뉴진스
2024-06-02,이클립스
2024-06-02,지코
2024-06-02,아이브
2024-06-02,아일릿
2024-06-02,큐더블유이알
2024-06-02,여자 아이들
2024-06-02,임영웅
2024-06-02,투어스
2024-06-02,크러쉬
2024-06-02,데이식스
2024-06-02,베이비몬스터
2024-06-02,이창섭
2024-06-02,이무진
2024-06-02,비비
2024-06-02,아이유
2024-06-02,임재현
2024-06-02,트리플에스
2024-06-02,태연
2024-06-02,너드커넥션
2024-06-02,10cm
2024-06-02,박재정
2024-06-02,유회승
2024-06-02,키스 오브 라이프
2024-06-02,세븐틴
2024-06-02,범진
2024-06-02,르세라핌
2024-06-02,순순희
2024-06-02,성시경
2024-06-02,비비지
2024-06-02,정국
2024-06-02,라이즈
2024-06-02,윤하
2024-06-02,잔나비
2024-06-02,악뮤
2024-06-02,멜로망스
2024-06-02,우디
2024-06-02,여자 아이들
2024-06-02,폴킴
2024-06-02,김민석
2024-06-02,경서예지
2024-06-02,전건호
2024-06-02,디케이
2024-06-02,부석순
2024-06-02,제니
2024-06-02,로이킴
2024-06-02,엔플라잉
2024-06-02,찰리 푸스
2024-06-02,임한별
2024-06-02,방탄소년단
2024-06-02,헤이즈
2024-06-02,라우브
2024-06-02,플레이브
2024-06-02,더 키드 라로이
2024-06-02,저스틴 비버
2024-06-02,벤슨 분
2024-06-02,테일러 스위프트
2024-06-02,하이키
2024-06-02,디오
2024-06-02,보이넥스트도어
2024-06-02,#안녕
2024-06-02,혁오
2024-06-02,허각
2024-06-02,볼빨간사춘기
2024-06-02,지아
2024-06-02,최유리
2024-06-02,엔믹스
2024-06-02,앤디 그래머
2024-06-02,도영
2024-06-02,폴 블랑코
2024-06-02,사브리나 카펜터
2024-06-02,에드 시런
2024-06-02,종호
2024-06-02,앤 마리
2024-06-02,알라이나 카스틸로
2024-06-02,데이먼스 이어
2024-06-02,숀 멘데스
2024-06-02,비투비
2024-06-02,하성운
2024-06-02,에이티즈
2024-06-02,손디아
2024-06-02,루시
2024-06-02,서동현
2024-06-02,에일리
2024-06-02,경서
2024-06-02,김형중
2024-06-02,블랙핑크
2024-06-02,화곡동 청개구리
2024-06-02,릴러말즈
2024-06-02,박혜원
2024-06-02,전소미
2024-06-02,탑현
2024-06-02,싸이
2024-06-02,스테이씨
2024-06-02,투모로우바이투게더
2024-06-02,정은지
2024-06-02,서인국
2024-06-02,백아
2024-06-09,에스파
2024-06-09,뉴진스
2024-06-09,이클립스
2024-06-09,아이브
2024-06-09,큐더블유이알
2024-06-09,지코
2024-06-09,아일릿
2024-06-09,여자 아이들
2024-06-09,투어스
2024-06-09,크러쉬
2024-06-09,데이식스
2024-06-09,이창섭
2024-06-09,베이비몬스터
2024-06-09,이무진
2024-06-09,아이유
2024-06-09,비비
2024-06-09,임재현
2024-06-09,너드커넥션
2024-06-09,태연
2024-06-09,트리플에스
2024-06-09,박재정
2024-06-09,10cm
2024-06-09,키스 오브 라이프
2024-06-09,유회승
2024-06-09,범진
2024-06-09,르세라핌
2024-06-09,임영웅
2024-06-09,순순희
2024-06-09,세븐틴
2024-06-09,정국
2024-06-09,비비지
2024-06-09,성시경
2024-06-09,라이즈
2024-06-09,윤하
2024-06-09,잔나비
2024-06-09,악뮤
2024-06-09,멜로망스
2024-06-09,우디
2024-06-09,폴킴
2024-06-09,엔플라잉
2024-06-09,여자 아이들
2024-06-09,김민석
2024-06-09,경서예지
2024-06-09,전건호
2024-06-09,디케이
2024-06-09,부석순
2024-06-09,제니
2024-06-09,로이킴
2024-06-09,찰리 푸스
2024-06-09,임한별
2024-06-09,방탄소년단
2024-06-09,테일러 스위프트
2024-06-09,라우브
2024-06-09,더 키드 라로이
2024-06-09,저스틴 비버
2024-06-09,플레이브
2024-06-09,헤이즈
2024-06-09,볼빨간사춘기
2024-06-09,하이키
2024-06-09,벤슨 분
2024-06-09,혁오
2024-06-09,디오
2024-06-09,보이넥스트도어
2024-06-09,#안녕
2024-06-09,선미
2024-06-09,최유리
2024-06-09,사브리나 카펜터
2024-06-09,허각
2024-06-09,지아
2024-06-09,폴 블랑코
2024-06-09,엔믹스
2024-06-09,앤디 그래머
2024-06-09,박지현
2024-06-09,에드 시런
2024-06-09,데이먼스 이어
2024-06-09,도영
2024-06-09,앤 마리
2024-06-09,알라이나 카스틸로
2024-06-09,블랙핑크
2024-06-09,숀 멘데스
2024-06-09,비투비
2024-06-09,서동현
2024-06-09,릴러말즈
2024-06-09,손디아
2024-06-09,에일리
2024-06-09,싸이
2024-06-09,경서
2024-06-09,전소미
2024-06-09,루시
2024-06-09,시아
2024-06-09,화곡동 청개구리
2024-06-09,김형중
2024-06-09,나연
2024-06-09,스테이씨
2024-06-09,탑현
2024-06-09,종호
2024-06-09,백아
2024-06-09,정은지
2024-06-09,서인국
2024-06-09,윤도현 밴드
2024-06-16,에스파
2024-06-16,뉴진스
2024-06-16,이클립스
2024-06-16,큐더블유이알
2024-06-16,아이브
2024-06-16,아일릿
2024-06-16,지코
2024-06-16,여자 아이들
2024-06-16,데이식스
2024-06-16,투어스
2024-06-16,크러쉬
2024-06-16,이창섭
2024-06-16,이무진
2024-06-16,베이비몬스터
2024-06-16,라이즈
2024-06-16,아이유
2024-06-16,임재현
2024-06-16,비비
2024-06-16,정한 X 원우
2024-06-16,너드커넥션
2024-06-16,태연
2024-06-16,박재정
2024-06-16,트리플에스
2024-06-16,허각
2024-06-16,임한별
2024-06-16,이진성
2024-06-16,김희재
2024-06-16,#안녕
2024-06-16,순순희
2024-06-16,10cm
2024-06-16,범진
2024-06-16,키스 오브 라이프
2024-06-16,유회승
2024-06-16,임영웅
2024-06-16,르세라핌
2024-06-16,세븐틴
2024-06-16,성시경
2024-06-16,정국
2024-06-16,비비지
2024-06-16,이영지
2024-06-16,윤하
2024-06-16,잔나비
2024-06-16,악뮤
2024-06-16,우디
2024-06-16,멜로망스
2024-06-16,폴킴
2024-06-16,김민석
2024-06-16,경서예지
2024-06-16,전건호
2024-06-16,부석순
2024-06-16,디케이
2024-06-16,여자 아이들
2024-06-16,테일러 스위프트
2024-06-16,로이킴
2024-06-16,엔플라잉
2024-06-16,선미
2024-06-16,찰리 푸스
2024-06-16,제니
2024-06-16,방탄소년단
2024-06-16,나연
2024-06-16,라우브
2024-06-16,볼빨간사춘기
2024-06-16,더 키드 라로이
2024-06-16,저스틴 비버
2024-06-16,플레이브
2024-06-16,벤슨 분
2024-06-16,혁오
2024-06-16,하이키
2024-06-16,헤이즈
2024-06-16,디오
2024-06-16,사브리나 카펜터
2024-06-16,최유리
2024-06-16,보이넥스트도어
2024-06-16,폴 블랑코
2024-06-16,지아
2024-06-16,엔믹스
2024-06-16,에드 시런
2024-06-16,앤 마리
2024-06-16,데이먼스 이어
2024-06-16,앤디 그래머
2024-06-16,스탠딩 에그
2024-06-16,도영
2024-06-16,릴러말즈
2024-06-16,숀 멘데스
2024-06-16,블랙핑크
2024-06-16,비투비
2024-06-16,토미 리치맨
2024-06-16,서동현
2024-06-16,싸이
2024-06-16,손디아
2024-06-16,에일리
2024-06-16,경서
2024-06-16,알라이나 카스틸로
2024-06-16,화곡동 청개구리
2024-06-16,전소미
2024-06-16,루시
2024-06-16,윤도현 밴드
2024-06-16,케이윌
2024-06-16,스테이씨
2024-06-16,탑현
2024-06-16,정은지
2024-06-16,서인국
2024-06-23,이영지
2024-06-23,에스파
2024-06-23,뉴진스
2024-06-23,이클립스
2024-06-23,큐더블유이알
2024-06-23,아일릿
2024-06-23,아이브
2024-06-23,지코
2024-06-23,데이식스
2024-06-23,여자 아이들
2024-06-23,투어스
2024-06-23,크러쉬
2024-06-23,이창섭
2024-06-23,라이즈
2024-06-23,이무진
2024-06-23,베이비몬스터
2024-06-23,아이유
2024-06-23,임재현
2024-06-23,비비
2024-06-23,너드커넥션
2024-06-23,레드벨벳
2024-06-23,허각
2024-06-23,임한별
2024-06-23,이진성
2024-06-23,김희재
2024-06-23,#안녕
2024-06-23,태연
2024-06-23,박재정
2024-06-23,순순희
2024-06-23,트리플에스
2024-06-23,범진
2024-06-23,임영웅
2024-06-23,지민
2024-06-23,로꼬
2024-06-23,키스 오브 라이프
2024-06-23,10cm
2024-06-23,유회승
2024-06-23,성시경
2024-06-23,르세라핌
2024-06-23,정국
2024-06-23,세븐틴
2024-06-23,비비지
2024-06-23,윤하
2024-06-23,잔나비
2024-06-23,악뮤
2024-06-23,폴킴
2024-06-23,멜로망스
2024-06-23,우디
2024-06-23,하동균
2024-06-23,김민석
2024-06-23,경서예지
2024-06-23,전건호
2024-06-23,부석순
2024-06-23,디케이
2024-06-23,테일러 스위프트
2024-06-23,찰리 푸스
2024-06-23,엔플라잉
2024-06-23,방탄소년단
2024-06-23,로이킴
2024-06-23,선미
2024-06-23,나연
2024-06-23,여자 아이들
2024-06-23,라우브
2024-06-23,제니
2024-06-23,더 키드 라로이
2024-06-23,저스틴 비버
2024-06-23,플레이브
2024-06-23,벤슨 분
2024-06-23,디오
2024-06-23,혁오
2024-06-23,하이키
2024-06-23,연변대학최씨
2024-06-23,서동현
2024-06-23,사브리나 카펜터
2024-06-23,최유리
2024-06-23,폴 블랑코
2024-06-23,볼빨간사춘기
2024-06-23,헤이즈
2024-06-23,토미 리치맨
2024-06-23,케이윌
2024-06-23,지아
2024-06-23,보이넥스트도어
2024-06-23,에드 시런
2024-06-23,앤 마리
2024-06-23,데이먼스 이어
2024-06-23,엔믹스
2024-06-23,먼데이 키즈
2024-06-23,릴러말즈
2024-06-23,스탠딩 에그
2024-06-23,숀 멘데스
2024-06-23,앤디 그래머
2024-06-23,블랙핑크
2024-06-23,비투비
2024-06-23,싸이
2024-06-23,에일리
2024-06-23,손디아
2024-06-23,경서
2024-06-23,윤도현 밴드
2024-06-23,화곡동 청개구리
2024-06-23,도영
2024-06-23,알라이나 카스틸로
2024-06-23,샘 스미스
2024-06-23,백아
2024-06-23,백예린
2024-06-23,정은지
2024-06-23,서인국
2024-06-30,이영지
2024-06-30,에스파
2024-06-30,뉴진스
2024-06-30,이클립스
2024-06-30,큐더블유이알
2024-06-30,아일릿
2024-06-30,아이브
2024-06-30,지코
2024-06-30,데이식스
2024-06-30,여자 아이들
2024-06-30,투어스
2024-06-30,이창섭
2024-06-30,라이즈
2024-06-30,크러쉬
2024-06-30,이무진
2024-06-30,키스 오브 라이프
2024-06-30,임재현
2024-06-30,베이비몬스터
2024-06-30,아이유
2024-06-30,허각
2024-06-30,임한별
2024-06-30,이진성
2024-06-30,김희재
2024-06-30,#안녕
2024-06-30,비비
2024-06-30,너드커넥션
2024-06-30,레드벨벳
2024-06-30,박재정
2024-06-30,태연
2024-06-30,순순희
2024-06-30,엔플라잉
2024-06-30,범진
2024-06-30,임영웅
2024-06-30,성시경
2024-06-30,트리플에스
2024-06-30,유회승
2024-06-30,정국
2024-06-30,르세라핌
2024-06-30,10cm
2024-06-30,비비지
2024-06-30,잔나비
2024-06-30,윤하
2024-06-30,세븐틴
2024-06-30,악뮤
2024-06-30,폴킴
2024-06-30,우디
2024-06-30,하동균
2024-06-30,멜로망스
2024-06-30,김민석
2024-06-30,경서예지
2024-06-30,전건호
2024-06-30,부석순
2024-06-30,허용별
2024-06-30,바운디
2024-06-30,찰리 푸스
2024-06-30,디케이
2024-06-30,방탄소년단
2024-06-30,테일러 스위프트
2024-06-30,로이킴
2024-06-30,선미
2024-06-30,나연
2024-06-30,라우브
2024-06-30,플레이브
2024-06-30,더 키드 라로이
2024-06-30,저스틴 비버
2024-06-30,여자 아이들
2024-06-30,제니
2024-06-30,지민
2024-06-30,로꼬
2024-06-30,스테이씨
2024-06-30,벤슨 분
2024-06-30,리사
2024-06-30,혁오
2024-06-30,디오
2024-06-30,하이키
2024-06-30,토미 리치맨
2024-06-30,서동현
2024-06-30,사브리나 카펜터
2024-06-30,이영현
2024-06-30,박민혜
2024-06-30,최유리
2024-06-30,이승윤
2024-06-30,연변대학최씨
2024-06-30,볼빨간사춘기
2024-06-30,폴 블랑코
2024-06-30,지아
2024-06-30,에드 시런
2024-06-30,스탠딩 에그
2024-06-30,헤이즈
2024-06-30,보이넥스트도어
2024-06-30,데이먼스 이어
2024-06-30,앤 마리
2024-06-30,릴러말즈
2024-06-30,린
2024-06-30,엔믹스
2024-06-30,싸이
2024-06-30,에일리
2024-06-30,앤디 그래머
2024-06-30,숀 멘데스
2024-06-30,블랙핑크
2024-06-30,손디아
2024-06-30,경서
2024-06-30,비투비
2024-06-30,박서진
2024-06-30,백예린
2024-06-30,엔시티 위시
2024-06-30,샘 스미스
2024-06-30,김성철
2024-06-30,벤
2024-07-07,에스파
2024-07-07,이영지
2024-07-07,뉴진스
2024-07-07,이클립스
2024-07-07,큐더블유이알
2024-07-07,데이식스
2024-07-07,키스 오브 라이프
2024-07-07,아일릿
2024-07-07,아이브
2024-07-07,지코
2024-07-07,여자 아이들
2024-07-07,투어스
2024-07-07,이창섭
2024-07-07,라이즈
2024-07-07,이무진
2024-07-07,크러쉬
2024-07-07,임재현
2024-07-07,아이유
2024-07-07,베이비몬스터
2024-07-07,허각
2024-07-07,임한별
2024-07-07,이진성
2024-07-07,김희재
2024-07-07,#안녕
2024-07-07,비비
2024-07-07,레드벨벳
2024-07-07,너드커넥션
2024-07-07,박재정
2024-07-07,순순희
2024-07-07,태연
2024-07-07,엔플라잉
2024-07-07,범진
2024-07-07,임영웅
2024-07-07,성시경
2024-07-07,정국
2024-07-07,유회승
2024-07-07,트리플에스
2024-07-07,르세라핌
2024-07-07,윤하
2024-07-07,10cm
2024-07-07,비비지
2024-07-07,잔나비
2024-07-07,악뮤
2024-07-07,폴킴
2024-07-07,우디
2024-07-07,세븐틴
2024-07-07,멜로망스
2024-07-07,하동균
2024-07-07,경서예지
2024-07-07,전건호
2024-07-07,김민석
2024-07-07,부석순
2024-07-07,바운디
2024-07-07,찰리 푸스
2024-07-07,방탄소년단
2024-07-07,허용별
2024-07-07,테일러 스위프트
2024-07-07,디케이
2024-07-07,엔하이픈
2024-07-07,로이킴
2024-07-07,선미
2024-07-07,라우브
2024-07-07,나연
2024-07-07,플레이브
2024-07-07,더 키드 라로이
2024-07-07,저스틴 비버
2024-07-07,토미 리치맨
2024-07-07,벤슨 분
2024-07-07,제니
2024-07-07,혁오
2024-07-07,하이키
2024-07-07,여자 아이들
2024-07-07,디오
2024-07-07,최유리
2024-07-07,스테이씨
2024-07-07,사브리나 카펜터
2024-07-07,리사
2024-07-07,선셋 롤러코스터
2024-07-07,스탠딩 에그
2024-07-07,볼빨간사춘기
2024-07-07,폴 블랑코
2024-07-07,에드 시런
2024-07-07,지아
2024-07-07,헤이즈
2024-07-07,데이먼스 이어
2024-07-07,앤 마리
2024-07-07,보이넥스트도어
2024-07-07,싸이
2024-07-07,서동현
2024-07-07,릴러말즈
2024-07-07,린
2024-07-07,연변대학최씨
2024-07-07,김성철
2024-07-07,에일리
2024-07-07,경서
2024-07-07,지민
2024-07-07,로꼬
2024-07-07,손디아
2024-07-07,블랙핑크
2024-07-07,백예린
2024-07-07,박서진
2024-07-07,엔믹스
2024-07-07,세이코 마츠다
2024-07-07,앤디 그래머
2024-07-07,숀 멘데스
2024-07-07,샘 스미스
2024-07-14,에스파
2024-07-14,이영지
2024-07-14,뉴진스
2024-07-14,키스 오브 라이프
2024-07-14,이클립스
2024-07-14,큐더블유이알
2024-07-14,데이식스
2024-07-14,여자 아이들
2024-07-14,아일릿
2024-07-14,아이브
2024-07-14,지코
2024-07-14,투어스
2024-07-14,이창섭
2024-07-14,라이즈
2024-07-14,이무진
2024-07-14,크러쉬
2024-07-14,스트레이 키즈
2024-07-14,임재현
2024-07-14,아이유
2024-07-14,엔시티 127
2024-07-14,허각
2024-07-14,임한별
2024-07-14,이진성
2024-07-14,김희재
2024-07-14,#안녕
2024-07-14,너드커넥션
2024-07-14,베이비몬스터
2024-07-14,지민
2024-07-14,비비
2024-07-14,순순희
2024-07-14,박재정
2024-07-14,레드벨벳
2024-07-14,태연
2024-07-14,트리플에스
2024-07-14,범진
2024-07-14,성시경
2024-07-14,정국
2024-07-14,엔플라잉
2024-07-14,임영웅
2024-07-14,르세라핌
2024-07-14,유회승
2024-07-14,잔나비
2024-07-14,윤하
2024-07-14,악뮤
2024-07-14,비비지
2024-07-14,10cm
2024-07-14,폴킴
2024-07-14,우디
2024-07-14,경서예지
2024-07-14,전건호
2024-07-14,멜로망스
2024-07-14,김민석
2024-07-14,세븐틴
2024-07-14,부석순
2024-07-14,하동균
2024-07-14,바운디
2024-07-14,찰리 푸스
2024-07-14,방탄소년단
2024-07-14,테일러 스위프트
2024-07-14,엔하이픈
2024-07-14,허용별
2024-07-14,디케이
2024-07-14,플레이브
2024-07-14,라우브
2024-07-14,로이킴
2024-07-14,더 키드 라로이
2024-07-14,저스틴 비버
2024-07-14,선미
2024-07-14,나연
2024-07-14,탑현
2024-07-14,토미 리치맨
2024-07-14,소피아 카슨
2024-07-14,혁오
2024-07-14,벤슨 분
2024-07-14,하이키
2024-07-14,최유리
2024-07-14,제니
2024-07-14,디오
2024-07-14,애쉬 아일랜드
2024-07-14,여자 아이들
2024-07-14,로꼬
2024-07-14,사브리나 카펜터
2024-07-14,볼빨간사춘기
2024-07-14,헤이즈
2024-07-14,에드 시런
2024-07-14,스탠딩 에그
2024-07-14,폴 블랑코
2024-07-14,이찬원
2024-07-14,지아
2024-07-14,김성철
2024-07-14,데이먼스 이어
2024-07-14,스테이씨
2024-07-14,리사
2024-07-14,앤 마리
2024-07-14,보이넥스트도어
2024-07-14,싸이
2024-07-14,릴러말즈
2024-07-14,유우리
2024-07-14,린
2024-07-14,에일리
2024-07-14,경서
2024-07-14,블랙핑크
2024-07-14,서동현
2024-07-14,손디아
2024-07-14,백예린
2024-07-14,샘 스미스
2024-07-21,에스파
2024-07-21,이영지
2024-07-21,뉴진스
2024-07-21,키스 오브 라이프
2024-07-21,여자 아이들
2024-07-21,이클립스
2024-07-21,데이식스
2024-07-21,큐더블유이알
2024-07-21,아일릿
2024-07-21,아이브
2024-07-21,지코
2024-07-21,투어스
2024-07-21,이창섭
2024-07-21,라이즈
2024-07-21,이무진
2024-07-21,크러쉬
2024-07-21,스트레이 키즈
2024-07-21,임재현
2024-07-21,아이유
2024-07-21,순순희
2024-07-21,너드커넥션
2024-07-21,허각
2024-07-21,임한별
2024-07-21,이진성
2024-07-21,김희재
2024-07-21,#안녕
2024-07-21,베이비몬스터
2024-07-21,비비
2024-07-21,박재정
2024-07-21,태연
2024-07-21,엔시티 127
2024-07-21,트리플에스
2024-07-21,레드벨벳
2024-07-21,성시경
2024-07-21,범진
2024-07-21,정국
2024-07-21,임영웅
2024-07-21,엔플라잉
2024-07-21,르세라핌
2024-07-21,윤하
2024-07-21,잔나비
2024-07-21,유회승
2024-07-21,지민
2024-07-21,비비지
2024-07-21,악뮤
2024-07-21,폴킴
2024-07-21,멜로망스
2024-07-21,우디
2024-07-21,10cm
2024-07-21,경서예지
2024-07-21,전건호
2024-07-21,김민석
2024-07-21,세븐틴
2024-07-21,부석순
2024-07-21,하동균
2024-07-21,방탄소년단
2024-07-21,테일러 스위프트
2024-07-21,찰리 푸스
2024-07-21,바운디
2024-07-21,탑현
2024-07-21,디케이
2024-07-21,플레이브
2024-07-21,더 키드 라로이
2024-07-21,저스틴 비버
2024-07-21,라우브
2024-07-21,서은광
2024-07-21,허용별
2024-07-21,로이킴
2024-07-21,선미
2024-07-21,벤슨 분
2024-07-21,하이키
2024-07-21,나연
2024-07-21,혁오
2024-07-21,토미 리치맨
2024-07-21,볼빨간사춘기
2024-07-21,최유리
2024-07-21,제니
2024-07-21,디오
2024-07-21,에드 시런
2024-07-21,사브리나 카펜터
2024-07-21,폴 블랑코
2024-07-21,신예영
2024-07-21,여자 아이들
2024-07-21,앤 마리
2024-07-21,지아
2024-07-21,스탠딩 에그
2024-07-21,데이먼스 이어
2024-07-21,싸이
2024-07-21,로꼬
2024-07-21,거북이
2024-07-21,보이넥스트도어
2024-07-21,블랙핑크
2024-07-21,릴러말즈
2024-07-21,김성철
2024-07-21,유우리
2024-07-21,애쉬 아일랜드
2024-07-21,헤이즈
2024-07-21,에일리
2024-07-21,경서
2024-07-21,서동현
2024-07-21,손디아
2024-07-21,숀 멘데스
2024-07-21,스테이씨
2024-07-21,린
2024-07-21,산이
2024-07-21,레이나
2024-07-21,샘 스미스
2024-07-21,리사
2024-07-21,백예린
2024-07-21,정은지
2024-07-21,서인국
2024-07-21,윤도현 밴드
2024-07-21,세이코 마츠다
2024-07-28,엔시티 127
2024-07-28,에스파
2024-07-28,뉴진스
2024-07-28,이영지
2024-07-28,키스 오브 라이프
2024-07-28,여자 아이들
2024-07-28,이클립스
2024-07-28,데이식스
2024-07-28,큐더블유이알
2024-07-28,아일릿
2024-07-28,아이브
2024-07-28,투어스
2024-07-28,지코
2024-07-28,이창섭
2024-07-28,라이즈
2024-07-28,이무진
2024-07-28,스트레이 키즈
2024-07-28,크러쉬
2024-07-28,임재현
2024-07-28,아이유
2024-07-28,순순희
2024-07-28,너드커넥션
2024-07-28,비비
2024-07-28,베이비몬스터
2024-07-28,허각
2024-07-28,임한별
2024-07-28,이진성
2024-07-28,김희재
2024-07-28,#안녕
2024-07-28,박재정
2024-07-28,태연
2024-07-28,트리플에스
2024-07-28,성시경
2024-07-28,정국
2024-07-28,범진
2024-07-28,레드벨벳
2024-07-28,임영웅
2024-07-28,윤하
2024-07-28,르세라핌
2024-07-28,잔나비
2024-07-28,비비지
2024-07-28,악뮤
2024-07-28,유회승
2024-07-28,엔플라잉
2024-07-28,폴킴
2024-07-28,우디
2024-07-28,경서예지
2024-07-28,전건호
2024-07-28,멜로망스
2024-07-28,지민
2024-07-28,김민석
2024-07-28,부석순
2024-07-28,10cm
2024-07-28,세븐틴
2024-07-28,테일러 스위프트
2024-07-28,방탄소년단
2024-07-28,찰리 푸스
2024-07-28,하동균
2024-07-28,바운디
2024-07-28,탑현
2024-07-28,디케이
2024-07-28,더 키드 라로이
2024-07-28,저스틴 비버
2024-07-28,플레이브
2024-07-28,라우브
2024-07-28,볼빨간사춘기
2024-07-28,선미
2024-07-28,로이킴
2024-07-28,허용별
2024-07-28,하이키
2024-07-28,벤슨 분
2024-07-28,제니
2024-07-28,에드 시런
2024-07-28,토미 리치맨
2024-07-28,거북이
2024-07-28,사브리나 카펜터
2024-07-28,최유리
2024-07-28,혁오
2024-07-28,디오
2024-07-28,폴 블랑코
2024-07-28,나연
2024-07-28,권은비
2024-07-28,앤 마리
2024-07-28,싸이
2024-07-28,블랙핑크
2024-07-28,지아
2024-07-28,싹쓰리
2024-07-28,데이먼스 이어
2024-07-28,릴러말즈
2024-07-28,보이넥스트도어
2024-07-28,스탠딩 에그
2024-07-28,여자 아이들
2024-07-28,에스 파파
2024-07-28,황인욱
2024-07-28,엔하이픈
2024-07-28,경서
2024-07-28,서동현
2024-07-28,유우리
2024-07-28,서은광
2024-07-28,에일리
2024-07-28,숀 멘데스
2024-07-28,산이
2024-07-28,레이나
2024-07-28,트와이스
2024-07-28,김성철
2024-07-28,손디아
2024-07-28,정은지
2024-07-28,서인국
2024-07-28,숀
2024-07-28,비투비
2024-07-28,윤도현 밴드
2024-07-28,신예영
2024-08-04,에스파
2024-08-04,뉴진스
2024-08-04,키스 오브 라이프
2024-08-04,여자 아이들
2024-08-04,이영지
2024-08-04,데이식스
2024-08-04,이클립스
2024-08-04,큐더블유이알
2024-08-04,아일릿
2024-08-04,아이브
2024-08-04,투어스
2024-08-04,지코
2024-08-04,이창섭
2024-08-04,라이즈
2024-08-04,이무진
2024-08-04,크러쉬
2024-08-04,임재현
2024-08-04,순순희
2024-08-04,아이유
2024-08-04,너드커넥션
2024-08-04,비비
2024-08-04,박재정
2024-08-04,허각
2024-08-04,임한별
2024-08-04,이진성
2024-08-04,김희재
2024-08-04,#안녕
2024-08-04,베이비몬스터
2024-08-04,태연
2024-08-04,트리플에스
2024-08-04,범진
2024-08-04,성시경
2024-08-04,정국
2024-08-04,임영웅
2024-08-04,레드벨벳
2024-08-04,윤하
2024-08-04,르세라핌
2024-08-04,엔시티 127
2024-08-04,잔나비
2024-08-04,스트레이 키즈
2024-08-04,비비지
2024-08-04,악뮤
2024-08-04,폴킴
2024-08-04,유회승
2024-08-04,경서예지
2024-08-04,전건호
2024-08-04,우디
2024-08-04,멜로망스
2024-08-04,엔플라잉
2024-08-04,김민석
2024-08-04,10cm
2024-08-04,테일러 스위프트
2024-08-04,부석순
2024-08-04,세븐틴
2024-08-04,지민
2024-08-04,방탄소년단
2024-08-04,찰리 푸스
2024-08-04,하동균
2024-08-04,바운디
2024-08-04,더 키드 라로이
2024-08-04,저스틴 비버
2024-08-04,디케이
2024-08-04,플레이브
2024-08-04,볼빨간사춘기
2024-08-04,라우브
2024-08-04,선미
2024-08-04,로이킴
2024-08-04,탑현
2024-08-04,뱀뱀
2024-08-04,하이키
2024-08-04,벤슨 분
2024-08-04,사브리나 카펜터
2024-08-04,윤산하
2024-08-04,허용별
2024-08-04,거북이
2024-08-04,제니
2024-08-04,최유리
2024-08-04,에스 파파
2024-08-04,폴 블랑코
2024-08-04,토미 리치맨
2024-08-04,에드 시런
2024-08-04,황인욱
2024-08-04,디오
2024-08-04,혁오
2024-08-04,나연
2024-08-04,앤 마리
2024-08-04,데이먼스 이어
2024-08-04,싸이
2024-08-04,지아
2024-08-04,블랙핑크
2024-08-04,릴러말즈
2024-08-04,전소미
2024-08-04,도영
2024-08-04,보이넥스트도어
2024-08-04,싹쓰리
2024-08-04,스탠딩 에그
2024-08-04,서동현
2024-08-04,여자 아이들
2024-08-04,유우리
2024-08-04,산이
2024-08-04,레이나
2024-08-04,경서
2024-08-04,에일리
2024-08-04,숀 멘데스
2024-08-04,트와이스
2024-08-04,손디아
2024-08-04,정은지
2024-08-04,서인국
2024-08-04,샘 스미스
2024-08-04,윤도현 밴드
2024-08-04,백아
2024-08-04,린
2024-08-11,에스파
2024-08-11,프로미스나인
2024-08-11,뉴진스
2024-08-11,여자 아이들
2024-08-11,키스 오브 라이프
2024-08-11,이영지
2024-08-11,데이식스
2024-08-11,이클립스
2024-08-11,큐더블유이알
2024-08-11,아일릿
2024-08-11,아이브
2024-08-11,투어스
2024-08-11,지코
2024-08-11,이창섭
2024-08-11,이무진
2024-08-11,라이즈
2024-08-11,크러쉬
2024-08-11,순순희
2024-08-11,임재현
2024-08-11,아이유
2024-08-11,너드커넥션
2024-08-11,태연
2024-08-11,박재정
2024-08-11,비비
2024-08-11,허각
2024-08-11,임한별
2024-08-11,이진성
2024-08-11,김희재
2024-08-11,#안녕
2024-08-11,베이비몬스터
2024-08-11,성시경
2024-08-11,트리플에스
2024-08-11,범진
2024-08-11,잔나비
2024-08-11,임영웅
2024-08-11,정국
2024-08-11,윤하
2024-08-11,르세라핌
2024-08-11,레드벨벳
2024-08-11,악뮤
2024-08-11,비비지
2024-08-11,엔시티 127
2024-08-11,폴킴
2024-08-11,경서예지
2024-08-11,전건호
2024-08-11,우디
2024-08-11,유회승
2024-08-11,멜로망스
2024-08-11,김민석
2024-08-11,테일러 스위프트
2024-08-11,10cm
2024-08-11,엔플라잉
2024-08-11,부석순
2024-08-11,세븐틴
2024-08-11,지민
2024-08-11,방탄소년단
2024-08-11,스트레이 키즈
2024-08-11,찰리 푸스
2024-08-11,하동균
2024-08-11,더 키드 라로이
2024-08-11,저스틴 비버
2024-08-11,디케이
2024-08-11,바운디
2024-08-11,플레이브
2024-08-11,볼빨간사춘기
2024-08-11,라우브
2024-08-11,에스 파파
2024-08-11,선미
2024-08-11,사브리나 카펜터
2024-08-11,황인욱
2024-08-11,로이킴
2024-08-11,벤슨 분
2024-08-11,하이키
2024-08-11,최유리
2024-08-11,디오
2024-08-11,거북이
2024-08-11,탑현
2024-08-11,토미 리치맨
2024-08-11,폴 블랑코
2024-08-11,허용별
2024-08-11,제니
2024-08-11,에드 시런
2024-08-11,혁오
2024-08-11,데이먼스 이어
2024-08-11,앤 마리
2024-08-11,빌리 아일리시
2024-08-11,릴러말즈
2024-08-11,싸이
2024-08-11,지아
2024-08-11,블랙핑크
2024-08-11,나연
2024-08-11,보이넥스트도어
2024-08-11,김나영
2024-08-11,서동현
2024-08-11,스탠딩 에그
2024-08-11,손디아
2024-08-11,유우리
2024-08-11,싹쓰리
2024-08-11,산이
2024-08-11,레이나
2024-08-11,도영
2024-08-11,경서
2024-08-11,전소미
2024-08-11,에일리
2024-08-11,여자 아이들
2024-08-11,트와이스
2024-08-11,정은지
2024-08-11,서인국
2024-08-11,벤
2024-08-11,백아
2024-08-11,린
2024-08-11,숀 멘데스
2024-08-11,윤도현 밴드
2024-08-11,앤디 그래머
2024-08-11,비투비
2024-08-11,샘 스미스
2024-08-18,플레이브
2024-08-18,에스파
2024-08-18,뉴진스
2024-08-18,여자 아이들
2024-08-18,키스 오브 라이프
2024-08-18,이영지
2024-08-18,데이식스
2024-08-18,태민
2024-08-18,이클립스
2024-08-18,큐더블유이알
2024-08-18,아일릿
2024-08-18,투어스
2024-08-18,아이브
2024-08-18,프로미스나인
2024-08-18,이창섭
2024-08-18,지코
2024-08-18,이무진
2024-08-18,라이즈
2024-08-18,크러쉬
2024-08-18,순순희
2024-08-18,임재현
2024-08-18,아이유
2024-08-18,너드커넥션
2024-08-18,태연
2024-08-18,박재정
2024-08-18,허각
2024-08-18,임한별
2024-08-18,이진성
2024-08-18,김희재
2024-08-18,#안녕
2024-08-18,성시경
2024-08-18,베이비몬스터
2024-08-18,엔믹스
2024-08-18,범진
2024-08-18,비비
2024-08-18,잔나비
2024-08-18,윤하
2024-08-18,트리플에스
2024-08-18,임영웅
2024-08-18,정국
2024-08-18,르세라핌
2024-08-18,악뮤
2024-08-18,레드벨벳
2024-08-18,폴킴
2024-08-18,비비지
2024-08-18,경서예지
2024-08-18,전건호
2024-08-18,우디
2024-08-18,엔시티 127
2024-08-18,멜로망스
2024-08-18,김민석
2024-08-18,유회승
2024-08-18,테일러 스위프트
2024-08-18,10cm
2024-08-18,엔플라잉
2024-08-18,부석순
2024-08-18,세븐틴
2024-08-18,찰리 푸스
2024-08-18,방탄소년단
2024-08-18,하동균
2024-08-18,지민
2024-08-18,더 키드 라로이
2024-08-18,저스틴 비버
2024-08-18,바운디
2024-08-18,황인욱
2024-08-18,디케이
2024-08-18,사브리나 카펜터
2024-08-18,선미
2024-08-18,스트레이 키즈
2024-08-18,에스 파파
2024-08-18,로이킴
2024-08-18,라우브
2024-08-18,최유리
2024-08-18,볼빨간사춘기
2024-08-18,벤슨 분
2024-08-18,하이키
2024-08-18,레이디 가가
2024-08-18,브루노 마스
2024-08-18,빌리 아일리시
2024-08-18,디오
2024-08-18,에드 시런
2024-08-18,제니
2024-08-18,폴 블랑코
2024-08-18,허용별
2024-08-18,데이먼스 이어
2024-08-18,리사
2024-08-18,혁오
2024-08-18,토미 리치맨
2024-08-18,유우리
2024-08-18,죠지
2024-08-18,앤 마리
2024-08-18,지아
2024-08-18,거북이
2024-08-18,릴러말즈
2024-08-18,싸이
2024-08-18,탑현
2024-08-18,손디아
2024-08-18,김나영
2024-08-18,보이넥스트도어
2024-08-18,알라이나 카스틸로
2024-08-18,서동현
2024-08-18,블랙핑크
2024-08-18,스탠딩 에그
2024-08-18,나연
2024-08-18,에일리
2024-08-18,백아
2024-08-18,경서
2024-08-18,정은지
2024-08-18,서인국
2024-08-18,크리스토퍼
2024-08-18,청하
2024-08-18,샘 스미스
2024-08-18,린
2024-08-18,산이
2024-08-18,레이나
2024-08-18,비투비
2024-08-18,여자 아이들
2024-08-25,에스파
2024-08-25,뉴진스
2024-08-25,여자 아이들
2024-08-25,재현
2024-08-25,키스 오브 라이프
2024-08-25,이영지
2024-08-25,데이식스
2024-08-25,이클립스
2024-08-25,큐더블유이알
2024-08-25,아일릿
2024-08-25,투어스
2024-08-25,아이브
2024-08-25,이창섭
2024-08-25,프로미스나인
2024-08-25,지코
2024-08-25,이무진
2024-08-25,플레이브
2024-08-25,라이즈
2024-08-25,크러쉬
2024-08-25,순순희
2024-08-25,임재현
2024-08-25,아이유
2024-08-25,너드커넥션
2024-08-25,엔믹스
2024-08-25,태연
2024-08-25,박재정
2024-08-25,제로베이스원
2024-08-25,성시경
2024-08-25,허각
2024-08-25,임한별
2024-08-25,이진성
2024-08-25,김희재
2024-08-25,#안녕
2024-08-25,범진
2024-08-25,잔나비
2024-08-25,베이비몬스터
2024-08-25,임영웅
2024-08-25,윤하
2024-08-25,비비
2024-08-25,트리플에스
2024-08-25,정국
2024-08-25,르세라핌
2024-08-25,악뮤
2024-08-25,폴킴
2024-08-25,경서예지
2024-08-25,전건호
2024-08-25,비비지
2024-08-25,레드벨벳
2024-08-25,우디
2024-08-25,멜로망스
2024-08-25,김민석
2024-08-25,테일러 스위프트
2024-08-25,유회승
2024-08-25,부석순
2024-08-25,오마이걸
2024-08-25,엔플라잉
2024-08-25,엔시티 127
2024-08-25,10cm
2024-08-25,찰리 푸스
2024-08-25,세븐틴
2024-08-25,방탄소년단
2024-08-25,지민
2024-08-25,더 키드 라로이
2024-08-25,저스틴 비버
2024-08-25,하동균
2024-08-25,바운디
2024-08-25,사브리나 카펜터
2024-08-25,황인욱
2024-08-25,디케이
2024-08-25,선미
2024-08-25,에스 파파
2024-08-25,라우브
2024-08-25,로이킴
2024-08-25,최유리
2024-08-25,크리스토퍼
2024-08-25,청하
2024-08-25,레이디 가가
2024-08-25,브루노 마스
2024-08-25,스트레이 키즈
2024-08-25,유우리
2024-08-25,벤슨 분
2024-08-25,이찬원
2024-08-25,하이키
2024-08-25,볼빨간사춘기
2024-08-25,에드 시런
2024-08-25,샘 스미스
2024-08-25,디오
2024-08-25,빌리 아일리시
2024-08-25,데이먼스 이어
2024-08-25,제니
2024-08-25,혁오
2024-08-25,폴 블랑코
2024-08-25,엔시티 드림
2024-08-25,앤 마리
2024-08-25,허용별
2024-08-25,토미 리치맨
2024-08-25,지아
2024-08-25,릴러말즈
2024-08-25,김나영
2024-08-25,손디아
2024-08-25,알라이나 카스틸로
2024-08-25,싸이
2024-08-25,거북이
2024-08-25,스탠딩 에그
2024-08-25,리사
2024-08-25,서동현
2024-08-25,에일리
2024-08-25,경서
2024-08-25,정은지
2024-08-25,서인국
2024-08-25,보이넥스트도어
2024-08-25,블랙핑크
2024-08-25,비투비
2024-08-25,탑현
2024-08-25,백아
2024-09-01,데이식스
2024-09-01,온유
2024-09-01,에스파
2024-09-01,뉴진스
2024-09-01,여자 아이들
2024-09-01,키스 오브 라이프
2024-09-01,이영지
2024-09-01,이클립스
2024-09-01,큐더블유이알
2024-09-01,아일릿
2024-09-01,프로미스나인
2024-09-01,투어스
2024-09-01,이창섭
2024-09-01,르세라핌
2024-09-01,아이브
2024-09-01,이무진
2024-09-01,지코
2024-09-01,엔믹스
2024-09-01,순순희
2024-09-01,라이즈
2024-09-01,임재현
2024-09-01,아이유
2024-09-01,크러쉬
2024-09-01,너드커넥션
2024-09-01,박재정
2024-09-01,태연
2024-09-01,성시경
2024-09-01,범진
2024-09-01,경서예지
2024-09-01,전건호
2024-09-01,윤하
2024-09-01,잔나비
2024-09-01,허각
2024-09-01,임한별
2024-09-01,이진성
2024-09-01,김희재
2024-09-01,#안녕
2024-09-01,임영웅
2024-09-01,베이비몬스터
2024-09-01,플레이브
2024-09-01,악뮤
2024-09-01,비비
2024-09-01,폴킴
2024-09-01,정국
2024-09-01,영탁
2024-09-01,트리플에스
2024-09-01,백현
2024-09-01,김민석
2024-09-01,우디
2024-09-01,멜로망스
2024-09-01,레드벨벳
2024-09-01,비비지
2024-09-01,테일러 스위프트
2024-09-01,부석순
2024-09-01,유회승
2024-09-01,찰리 푸스
2024-09-01,방탄소년단
2024-09-01,엔플라잉
2024-09-01,10cm
2024-09-01,보이넥스트도어
2024-09-01,키조
2024-09-01,더 키드 라로이
2024-09-01,저스틴 비버
2024-09-01,엔시티 127
2024-09-01,세븐틴
2024-09-01,지민
2024-09-01,오반
2024-09-01,제로베이스원
2024-09-01,디케이
2024-09-01,재현
2024-09-01,황인욱
2024-09-01,사브리나 카펜터
2024-09-01,유우리
2024-09-01,바운디
2024-09-01,피프티 피프티
2024-09-01,최유리
2024-09-01,오마이걸
2024-09-01,로이킴
2024-09-01,라우브
2024-09-01,에스 파파
2024-09-01,크리스토퍼
2024-09-01,청하
2024-09-01,레이디 가가
2024-09-01,브루노 마스
2024-09-01,하동균
2024-09-01,스트레이 키즈
2024-09-01,선미
2024-09-01,벤슨 분
2024-09-01,에드 시런
2024-09-01,디오
2024-09-01,하이키
2024-09-01,샘 스미스
2024-09-01,데이먼스 이어
2024-09-01,혁오
2024-09-01,볼빨간사춘기
2024-09-01,앤 마리
2024-09-01,알라이나 카스틸로
2024-09-01,빌리 아일리시
2024-09-01,지아
2024-09-01,스탠딩 에그
2024-09-01,손디아
2024-09-01,폴 블랑코
2024-09-01,다이나믹 듀오
2024-09-01,김나영
2024-09-01,제니
2024-09-01,릴러말즈
2024-09-01,토미 리치맨
2024-09-01,허용별
2024-09-01,싸이
2024-09-01,서동현
2024-09-01,비투비
2024-09-01,프라이머리
2024-09-08,데이식스
2024-09-08,에스파
2024-09-08,뉴진스
2024-09-08,여자 아이들
2024-09-08,키스 오브 라이프
2024-09-08,이영지
2024-09-08,이클립스
2024-09-08,큐더블유이알
2024-09-08,프로미스나인
2024-09-08,아일릿
2024-09-08,이창섭
2024-09-08,투어스
2024-09-08,아이브
2024-09-08,르세라핌
2024-09-08,엔믹스
2024-09-08,순순희
2024-09-08,이무진
2024-09-08,지코
2024-09-08,임재현
2024-09-08,아이유
2024-09-08,라이즈
2024-09-08,크러쉬
2024-09-08,너드커넥션
2024-09-08,박재정
2024-09-08,태연
2024-09-08,성시경
2024-09-08,경서예지
2024-09-08,전건호
2024-09-08,범진
2024-09-08,윤하
2024-09-08,잔나비
2024-09-08,임영웅
2024-09-08,허각
2024-09-08,임한별
2024-09-08,이진성
2024-09-08,김희재
2024-09-08,#안녕
2024-09-08,악뮤
2024-09-08,보이넥스트도어
2024-09-08,폴킴
2024-09-08,플레이브
2024-09-08,베이비몬스터
2024-09-08,비비
2024-09-08,정국
2024-09-08,미야오
2024-09-08,트리플에스
2024-09-08,김민석
2024-09-08,우디
2024-09-08,멜로망스
2024-09-08,부석순
2024-09-08,비비지
2024-09-08,테일러 스위프트
2024-09-08,찰리 푸스
2024-09-08,레드벨벳
2024-09-08,유회승
2024-09-08,방탄소년단
2024-09-08,황인욱
2024-09-08,키조
2024-09-08,더 키드 라로이
2024-09-08,저스틴 비버
2024-09-08,엔플라잉
2024-09-08,지민
2024-09-08,오반
2024-09-08,엔시티 127
2024-09-08,디케이
2024-09-08,10cm
2024-09-08,최유리
2024-09-08,유우리
2024-09-08,사브리나 카펜터
2024-09-08,세븐틴
2024-09-08,라우브
2024-09-08,로이킴
2024-09-08,바운디
2024-09-08,이찬원
2024-09-08,레이디 가가
2024-09-08,브루노 마스
2024-09-08,엔시티 위시
2024-09-08,에스 파파
2024-09-08,크리스토퍼
2024-09-08,청하
2024-09-08,벤슨 분
2024-09-08,하동균
2024-09-08,백현
2024-09-08,스트레이 키즈
2024-09-08,디오
2024-09-08,에드 시런
2024-09-08,오마이걸
2024-09-08,데이먼스 이어
2024-09-08,선미
2024-09-08,혁오
2024-09-08,하이키
2024-09-08,스탠딩 에그
2024-09-08,다이나믹 듀오
2024-09-08,피프티 피프티
2024-09-08,앤 마리
2024-09-08,볼빨간사춘기
2024-09-08,샘 스미스
2024-09-08,비투비
2024-09-08,지아
2024-09-08,프라이머리
2024-09-08,손디아
2024-09-08,릴러말즈
2024-09-08,김나영
2024-09-08,폴 블랑코
2024-09-08,알라이나 카스틸로
2024-09-08,제니
2024-09-08,윤도현 밴드
2024-09-08,싸이
2024-09-08,이지
2024-09-08,서동현
2024-09-08,요네즈 켄시
2024-09-08,에일리
